wavelength_um,emissivity
0.8,0.0704242691078961
0.801661661661662,0.0702806571658707
0.803323323323323,0.0700904054859701
0.804984984984985,0.0698690456124212
0.806646646646647,0.0696727815088559
0.808308308308308,0.0694931923038408
0.80996996996997,0.0692940905538882
0.811631631631632,0.0690599454579812
0.813293293293293,0.0688116613008259
0.814954954954955,0.0685842338497658
0.816616616616617,0.0683296619012106
0.818278278278278,0.0680750551679629
0.81993993993994,0.0678204136500228
0.821601601601602,0.0675657373473905
0.823263263263263,0.0673110262600649
0.824924924924925,0.0670325064509415
0.826586586586586,0.0667576757435908
0.828248248248248,0.0665178447778999
0.82990990990991,0.0662751451160708
0.831571571571572,0.066020257827562
0.833233233233233,0.0657653357543604
0.834894894894895,0.0655392642580899
0.836556556556557,0.0653142769147982
0.838218218218218,0.0651224138193667
0.83987987987988,0.0649143251927055
0.841541541541542,0.0647045759180803
0.843203203203203,0.0644916239158083
0.844864864864865,0.0642642862450897
0.846526526526526,0.0640640394531826
0.848188188188188,0.0638414684052879
0.84984984984985,0.0636613172719013
0.851511511511511,0.0634669684355526
0.853173173173173,0.063259282352822
0.854834834834835,0.0630382545946241
0.856496496496497,0.0628311381429245
0.858158158158158,0.0626358683529342
0.85981981981982,0.0624405782217221
0.861481481481482,0.0622452677492886
0.863143143143143,0.0620499369356335
0.864804804804805,0.0618539986511585
0.866466466466466,0.0616435976700676
0.868128128128128,0.0614192556849076
0.86978978978979,0.0612182084775338
0.871451451451451,0.0610122531807757
0.873113113113113,0.0608105749337792
0.874774774774775,0.060600862341004
0.876436436436436,0.060386111414692
0.878098098098098,0.0601868736725156
0.87975975975976,0.0599823201427724
0.881421421421421,0.059816224104433
0.883083083083083,0.059620640487186
0.884744744744745,0.0594659965603289
0.886406406406406,0.059291618658979
0.888068068068068,0.0591007808432888
0.88972972972973,0.0588965756185218
0.891391391391391,0.0586995324903719
0.893053053053053,0.0585240288313169
0.894714714714715,0.058351546403014
0.896376376376376,0.0581540760590409
0.898038038038038,0.0579432606127639
0.8996996996997,0.0577324215754865
0.901361361361361,0.0575215589472047
0.903023023023023,0.0572989877251447
0.904684684684685,0.057102954658909
0.906346346346346,0.0568973249769674
0.908008008008008,0.056677872524053
0.90966966966967,0.0564571560341864
0.911331331331331,0.0562254936055103
0.912992992992993,0.056026622574372
0.914654654654655,0.0558004930341991
0.916316316316316,0.0556188233185794
0.917977977977978,0.0553985112100812
0.91963963963964,0.055172306454646
0.921301301301301,0.0549363613304121
0.922962962962963,0.0547190382929605
0.924624624624625,0.0545229252437341
0.926286286286286,0.0543221978935048
0.927947947947948,0.0541080672685589
0.92960960960961,0.0538817080630927
0.931271271271271,0.0536553217761154
0.932932932932933,0.053428908407633
0.934594594594595,0.0532281869255466
0.936256256256256,0.0530542232922042
0.937917917917918,0.0528692484244009
0.93957957957958,0.052680679778878
0.941241241241241,0.0524753468047821
0.942902902902903,0.0522466453619104
0.944564564564565,0.0520476659343277
0.946226226226226,0.0518388701440118
0.947887887887888,0.0516726770591741
0.94954954954955,0.0514635653126472
0.951211211211211,0.0512645952677357
0.952872872872873,0.0510572405576948
0.954534534534535,0.0508456323961826
0.956196196196196,0.0506340006436675
0.957857857857858,0.0504396080769667
0.959519519519519,0.0502692488230924
0.961181181181181,0.0500854638944129
0.962842842842843,0.0498888708045834
0.964504504504505,0.0496922573735321
0.966166166166166,0.0495236956713053
0.967827827827828,0.0493449745952617
0.969489489489489,0.0491740483172564
0.971151151151151,0.049025427509252
0.972812812812813,0.0488676776680825
0.974474474474475,0.0486915707659392
0.976136136136136,0.0485213351454895
0.977797797797798,0.0483458792312651
0.979459459459459,0.0482089708338912
0.981121121121121,0.048042459943639
0.982782782782783,0.0478897020765939
0.984444444444444,0.0477141932092425
0.986106106106106,0.0475428398898815
0.987767767767768,0.0473676407561768
0.989429429429429,0.0472066621132733
0.991091091091091,0.0470703553020529
0.992752752752753,0.0469305492403592
0.994414414414414,0.0467790746835854
0.996076076076076,0.0466277104747512
0.997737737737738,0.0465065125420485
0.999399399399399,0.0463853069061612
1.00106106106106,0.0462994447359883
1.00272272272272,0.0462236838913813
1.00438438438438,0.0461646296056215
1.00604604604605,0.0461191702472555
1.00770770770771,0.0460737098056296
1.00936936936937,0.0460378795403913
1.01103103103103,0.0460378795403913
1.01269269269269,0.0460378795403913
1.01435435435435,0.0460378795403913
1.01601601601602,0.0460378795403913
1.01767767767768,0.0460378795403913
1.01933933933934,0.0460378795403913
1.021001001001,0.0460378795403913
1.02266266266266,0.0460378795403913
1.02432432432432,0.0460378795403913
1.02598598598599,0.0460378795403913
1.02764764764765,0.0460366648181246
1.02930930930931,0.0460215108026203
1.03097097097097,0.0459917026643745
1.03263263263263,0.0459613937987773
1.03429429429429,0.0459310844517301
1.03595595595596,0.0459007746232348
1.03761761761762,0.0458704643132898
1.03927927927928,0.0458401535218961
1.04094094094094,0.0458098422490536
1.0426026026026,0.0457795304947611
1.04426426426426,0.0457501523956287
1.04592592592593,0.0457349961046332
1.04758758758759,0.0457342150124841
1.04924924924925,0.0457342150124841
1.05091091091091,0.0457342150124841
1.05257257257257,0.0457342150124841
1.05423423423423,0.0457342150124841
1.0558958958959,0.0457342150124841
1.05755755755756,0.0457342150124841
1.05921921921922,0.0457342150124841
1.06088088088088,0.0457342150124841
1.06254254254254,0.0457342150124841
1.0642042042042,0.0457342150124841
1.06586586586587,0.0457342150124841
1.06752752752753,0.0457342150124841
1.06918918918919,0.0457342150124841
1.07085085085085,0.0457342150124841
1.07251251251251,0.0457342150124841
1.07417417417417,0.0457342150124841
1.07583583583584,0.0457342150124841
1.0774974974975,0.0457342150124841
1.07915915915916,0.0457342150124841
1.08082082082082,0.0457342150124841
1.08248248248248,0.0457342150124841
1.08414414414414,0.0457342150124841
1.08580580580581,0.0457342150124841
1.08746746746747,0.0457342150124841
1.08912912912913,0.0457289774647083
1.09079079079079,0.0457102986605659
1.09245245245245,0.0456799853252279
1.09411411411411,0.0456496715084393
1.09577577577578,0.0456193572102019
1.09743743743744,0.0455890424305171
1.0990990990991,0.0455587271693821
1.10076076076076,0.0455385149684231
1.10242242242242,0.0455233569968156
1.10408408408408,0.0455015260970461
1.10574574574575,0.0454761668922035
1.10740740740741,0.045464250419846
1.10906906906907,0.0454657769317098
1.11073073073073,0.0454809353605254
1.11239239239239,0.0454960936689787
1.11405405405405,0.0455112518570691
1.11571571571572,0.0455264099247965
1.11737737737738,0.0455219223723335
1.11903903903904,0.0455067642689723
1.1207007007007,0.0454979980819769
1.12236236236236,0.0454979980819769
1.12402402402402,0.0454979980819769
1.12568568568569,0.0454967524018492
1.12734734734735,0.045481594098627
1.12900900900901,0.0454517469115832
1.13067067067067,0.0454214294700629
1.13233233233233,0.0453911115470947
1.13399399399399,0.045370335922417
1.13565565565566,0.0453551766154322
1.13731731731732,0.0453400171880861
1.13897897897898,0.0453248576403785
1.14064064064064,0.045309697972307
1.1423023023023,0.0452945381838739
1.14396396396396,0.0452793782750777
1.14562562562563,0.045278627614164
1.14728728728729,0.045278627614164
1.14894894894895,0.045278627614164
1.15061061061061,0.045278627614164
1.15227227227227,0.045278627614164
1.15393393393393,0.045278627614164
1.1555955955956,0.045278627614164
1.15725725725726,0.045278627614164
1.15891891891892,0.0452772593200937
1.16058058058058,0.0452469391077702
1.16224224224224,0.045216618413996
1.1639039039039,0.0451862972387741
1.16556556556557,0.0451559755821024
1.16722722722723,0.0451256534439807
1.16888888888889,0.0450953308244112
1.17055055055055,0.0450650077233931
1.17221221221221,0.0450346841409252
1.17387387387387,0.0450043600770091
1.17553553553554,0.0449748422776445
1.1771971971972,0.0449748422776445
1.17885885885886,0.0449748422776445
1.18052052052052,0.0449748422776445
1.18218218218218,0.0449748422776445
1.18384384384384,0.0449748422776445
1.18550550550551,0.0449748422776445
1.18716716716717,0.044969572023718
1.18882882882883,0.0449508551658916
1.19049049049049,0.0449223682314703
1.19215215215215,0.0449073278626416
1.19381381381381,0.0449073278626416
1.19547547547548,0.0448801887945727
1.19713713713714,0.0448498622778437
1.1987987987988,0.0448195352796669
1.20046046046046,0.0447976298014572
1.20212212212212,0.0447757599781105
1.20378378378378,0.0447504217602033
1.20544544544545,0.044738531384885
1.20710710710711,0.0447369736652545
1.20876876876877,0.0447218093302978
1.21043043043043,0.0446916387152935
1.21209209209209,0.0446878895332022
1.21375375375375,0.0446878895332029
1.21541541541542,0.0446878895332029
1.21707707707708,0.0446716063803758
1.21873873873874,0.0446477020635355
1.2204004004004,0.0446325370200267
1.22206206206206,0.0446173718561559
1.22372372372372,0.0446022065719239
1.22538538538539,0.044587041167328
1.22704704704705,0.0445718756423701
1.22870870870871,0.0445567099970501
1.23037037037037,0.0445415442313674
1.23203203203203,0.0445263783453238
1.23369369369369,0.0445190736664079
1.23535535535536,0.0445190736664079
1.23701701701702,0.0445190736664079
1.23867867867868,0.0445163613378039
1.24034034034034,0.0445001992438562
1.242002002002,0.0444698666951493
1.24366366366366,0.0444395336649961
1.24532532532533,0.0444092001533918
1.24698698698699,0.0443788661603391
1.24864864864865,0.0443485316858374
1.25031031031031,0.0443181967298872
1.25197197197197,0.0442878612924872
1.25363363363363,0.0442575253736378
1.2552952952953,0.0442296207200925
1.25695695695696,0.044215167521276
1.25861861861862,0.044215167521276
1.26028028028028,0.044215167521276
1.26194194194194,0.044215167521276
1.2636036036036,0.044215167521276
1.26526526526527,0.044215167521276
1.26692692692693,0.0442078669347113
1.26858858858859,0.0441926984006973
1.27025025025025,0.0441775297463224
1.27191191191191,0.0441623609715831
1.27357357357357,0.0441471920764821
1.27523523523524,0.0441320230610187
1.2768968968969,0.0441168539251927
1.27855855855856,0.0441016846690063
1.28022022022022,0.0440865152924568
1.28188188188188,0.0440713457955441
1.28354354354354,0.0440631963274183
1.28520520520521,0.0440631963274183
1.28686686686687,0.0440631963274183
1.28852852852853,0.044059456476904
1.29019019019019,0.0440291169333238
1.29185185185185,0.0439987769082932
1.29351351351351,0.0439684364018134
1.29517517517517,0.0439380954138857
1.29683683683684,0.0439077539445083
1.2984984984985,0.0438774119936824
1.30016016016016,0.0438470695614073
1.30182182182182,0.0438167266476828
1.30348348348348,0.0437863832525099
1.30514514514515,0.043759217697119
1.30680680680681,0.043759217697119
1.30846846846847,0.043759217697119
1.31013013013013,0.043759217697119
1.31179179179179,0.043759217697119
1.31345345345345,0.0437493245209445
1.31511511511512,0.0437259760841406
1.31677677677678,0.043695631249079
1.31843843843844,0.0436652859325688
1.3201001001001,0.0436349401346101
1.32176176176176,0.0436045938552014
1.32342342342342,0.0435742470943455
1.32508508508509,0.0435438998520384
1.32674674674675,0.0435135521282839
1.32840840840841,0.0434832039230798
1.33007007007007,0.0434624688410873
1.33173173173173,0.0434551907433747
1.33339339339339,0.0434551907433747
1.33505505505506,0.0434462671892417
1.33671671671672,0.043415917916629
1.33837837837838,0.043385568162566
1.34004004004004,0.0433552179270554
1.3417017017017,0.0433248672100943
1.34336336336336,0.0432945160116852
1.34502502502503,0.0432641643318274
1.34668668668669,0.0432338121705196
1.34834834834835,0.0432034595277619
1.35001001001001,0.0431731064035561
1.35167167167167,0.0431511154661878
1.35333333333333,0.0431511154661878
1.354994994995,0.0431511154661878
1.35665665665666,0.0431511154661878
1.35831831831832,0.0431511154661878
1.35997997997998,0.0431386274691846
1.36164164164164,0.0431234504530967
1.3633033033033,0.0431082733166481
1.36496496496496,0.0430930960598371
1.36662662662663,0.0430779186826626
1.36828828828829,0.0430627411851262
1.36994994994995,0.0430475635672276
1.37161161161161,0.0430323858289666
1.37327327327327,0.043017207970345
1.37493493493494,0.0430020299913597
1.3765965965966,0.0429990597063012
1.37825825825826,0.0429990597063012
1.37991991991992,0.0429902872965801
1.38158158158158,0.0429680543060864
1.38324324324324,0.042937697448178
1.3849049049049,0.0429073401088212
1.38656656656657,0.0428769822880152
1.38822822822823,0.042846623985759
1.38988988988989,0.0428162652020554
1.39155155155155,0.0427995517028058
1.39321321321321,0.0427962999006694
1.39487487487487,0.0427758798101613
1.39653653653654,0.0427540122269553
1.3981981981982,0.042745606593466
1.39985985985986,0.0427456065934672
1.40152152152152,0.0427456065934672
1.40318318318318,0.0427439859331874
1.40484484484484,0.042728805787681
1.40650650650651,0.0426985423986947
1.40816816816817,0.0426548157881148
1.40982982982983,0.0425976250335638
1.41149149149149,0.0425567592509172
1.41315315315315,0.0425263958706636
1.41481481481481,0.042496032008961
1.41647647647648,0.0424656676658092
1.41813813813814,0.0424353028412089
1.4197997997998,0.0424062772222643
1.42146146146146,0.0423910943993161
1.42312312312312,0.0423907158581434
1.42478478478478,0.0423907158581434
1.42644644644645,0.0423793479569512
1.42810810810811,0.0423641649205222
1.42976976976977,0.0423489817637305
1.43143143143143,0.0423337984865759
1.43309309309309,0.0423186150890593
1.43475475475475,0.0423034315711802
1.43641641641642,0.0422882479329405
1.43807807807808,0.0422730641743371
1.43973973973974,0.042257880295371
1.4414014014014,0.0422426962960428
1.44306306306306,0.0422385996939507
1.44472472472472,0.0422385996939507
1.44638638638639,0.0422309489435584
1.44804804804805,0.0422098322909287
1.44970970970971,0.0421794634101733
1.45137137137137,0.0421490940479693
1.45303303303303,0.042118724204314
1.45469469469469,0.0420883538792103
1.45635635635636,0.0420579830726588
1.45801801801802,0.0420276117846587
1.45967967967968,0.0419972400152082
1.46134134134134,0.0419668677643079
1.463003003003,0.0419438656302691
1.46466466466466,0.0419343311229842
1.46632632632633,0.0419343311229842
1.46798798798799,0.0419299017650239
1.46964964964965,0.0418995284467143
1.47131131131131,0.0418691546469575
1.47297297297297,0.0418387803657503
1.47463463463463,0.0418084056030952
1.4762962962963,0.0417780303589906
1.47795795795796,0.0417476546334368
1.47961961961962,0.0417172784264344
1.48128128128128,0.0416869017379825
1.48294294294294,0.0416565245680822
1.4846046046046,0.0416300142285703
1.48626626626627,0.0416300142285703
1.48792792792793,0.0416300142285703
1.48958958958959,0.0416163294524799
1.49125125125125,0.0416011403684644
1.49291291291291,0.0415859511640881
1.49457457457457,0.0415707618393489
1.49623623623624,0.041555572394247
1.4978978978979,0.0415352924620684
1.49955955955956,0.0415049128893825
1.50122122122122,0.0414745328352464
1.50288288288288,0.0414441522996603
1.50454454454454,0.0414288952030879
1.50620620620621,0.0414271094526034
1.50786786786787,0.0414271094526034
1.50952952952953,0.0414171428608486
1.51119119119119,0.0413937046097048
1.51285285285285,0.0413633227932289
1.51451451451451,0.0413377499822979
1.51617617617618,0.041322558690898
1.51783783783784,0.0413073672791356
1.5194994994995,0.0412921757470107
1.52116116116116,0.0412621404038981
1.52282282282282,0.0412317565026289
1.52448448448448,0.041201372119912
1.52614614614615,0.0411806736869986
1.52780780780781,0.0411734482804905
1.52946946946947,0.0411734482804905
1.53113113113113,0.0411643913552771
1.53279279279279,0.0411340059051515
1.53445445445445,0.0411036199735745
1.53611611611612,0.0410732335605511
1.53777777777778,0.0410428466660763
1.53943943943944,0.0410124592901542
1.5411011011011,0.040982071432782
1.54276276276276,0.0409516830939605
1.54442442442442,0.0409212942736904
1.54608608608609,0.0408909049719717
1.54774774774775,0.0408690105774643
1.54940940940941,0.0408690105774643
1.55107107107107,0.0408682020991471
1.55273273273273,0.0408530070879103
1.55439439439439,0.0408378119563101
1.55605605605606,0.0408226167043468
1.55771771771772,0.0408074213320218
1.55937937937938,0.0407922258393347
1.56104104104104,0.0407696244510563
1.5627027027027,0.0407392327465522
1.56436436436436,0.0407128070867308
1.56602602602603,0.040697610844627
1.56768768768769,0.0406829415256489
1.56934934934935,0.0406829415256489
1.57101101101101,0.0406829415256489
1.57267267267267,0.0406829415256489
1.57433433433433,0.0406829415256489
1.575995995996,0.0406740971240968
1.57765765765766,0.0406589005753925
1.57931931931932,0.0406437039063264
1.58098098098098,0.0406248219381824
1.58264264264264,0.040594427939862
1.5843043043043,0.0405640334600939
1.58596596596597,0.0405336384988755
1.58762762762763,0.0405032430562092
1.58928928928929,0.040472847132093
1.59095095095095,0.0404424507265283
1.59261261261261,0.0404206178973104
1.59427427427427,0.0404122634164682
1.59593593593594,0.0404122634164682
1.5975975975976,0.0404088593758377
1.59925925925926,0.0403919766846006
1.60092092092092,0.0403615789981437
1.60258258258258,0.0403311808302398
1.60424424424424,0.0403007821808863
1.60590590590591,0.0402703830500827
1.60756756756757,0.0402399834378308
1.60922922922923,0.0402095833441294
1.61089089089089,0.0401791827689782
1.61255255255255,0.0401487817123786
1.61421421421421,0.0401215031346497
1.61587587587588,0.0401077049048298
1.61753753753754,0.0401077049048298
1.6191991991992,0.0401077049048298
1.62086086086086,0.040094541762715
1.62252252252252,0.0400793406243929
1.62418418418418,0.0400641393657103
1.62584584584585,0.0400489379866645
1.62750750750751,0.0400337364872558
1.62916916916917,0.0400185348674852
1.63083083083083,0.0400033331273532
1.63249249249249,0.0399881312668579
1.63415415415415,0.0399729292860004
1.63581581581582,0.0399577271847803
1.63747747747748,0.0399554075277188
1.63913913913914,0.0399442453961532
1.6408008008008,0.0399196012380374
1.64246246246246,0.0398891960707976
1.64412412412412,0.0398587904221086
1.64578578578579,0.0398283842919704
1.64744744744745,0.0397979776803826
1.64910910910911,0.039767570587346
1.65077077077077,0.0397371630128619
1.65243243243243,0.0397067549569287
1.65409409409409,0.0396763464195448
1.65575575575576,0.0396568196026463
1.65741741741742,0.039650776530913
1.65907907907908,0.039650776530913
1.66074074074074,0.039645056402392
1.6624024024024,0.0396258522328338
1.66406406406406,0.0395954424145606
1.66572572572573,0.039565032114838
1.66738738738739,0.0395346213336648
1.66904904904905,0.0395042100710429
1.67071071071071,0.039473798326973
1.67237237237237,0.0394433861014531
1.67403403403403,0.0394129733944849
1.6756956956957,0.0393825602060679
1.67735735735736,0.0393575858294546
1.67901901901902,0.0393460972106624
1.68068068068068,0.0393460972106624
1.68234234234234,0.0393458207966981
1.684004004004,0.0393306137311548
1.68566566566567,0.0393154065452481
1.68732732732733,0.0393122409699291
1.68898898898899,0.0393122409699291
1.69065065065065,0.0393122409699291
1.69231231231231,0.0393122409699291
1.69397397397397,0.0393122409699291
1.69563563563564,0.0393122409699291
1.6972972972973,0.0393105252661718
1.69895895895896,0.0392953179212682
1.70062062062062,0.039295312625842
1.70228228228228,0.039295312625842
1.70394394394394,0.0392835525072198
1.70560560560561,0.0392683449488354
1.70726726726727,0.0392365007217748
1.70892892892893,0.0391908765683486
1.71059059059059,0.0391452513316631
1.71225225225225,0.0390996250117172
1.71391391391391,0.0390554317894949
1.71557557557558,0.0390250129415772
1.71723723723724,0.0389945936122125
1.7188988988989,0.0389641738013978
1.72056056056056,0.0389337535091349
1.72222222222222,0.0389033327354219
1.72388388388388,0.038888987623829
1.72554554554555,0.038888987623829
1.72720720720721,0.0388843923350478
1.72886886886887,0.038866307680165
1.73053053053053,0.0388358858390441
1.73219219219219,0.0388054635164722
1.73385385385385,0.038775040712453
1.73551551551552,0.0387446174269835
1.73717717717718,0.0387141936600649
1.73883883883884,0.0386837694116983
1.7405005005005,0.0386533446818825
1.74216216216216,0.038622919470617
1.74382382382382,0.0385968079453933
1.74548548548549,0.0385841874949661
1.74714714714715,0.0385841874949661
1.74880880880881,0.0385841874949661
1.75047047047047,0.0385698251690442
1.75213213213213,0.0385546119627957
1.75379379379379,0.0385393986361844
1.75545545545546,0.0385241851892097
1.75711711711712,0.0385089716218745
1.75877877877878,0.0384937579341769
1.76044044044044,0.0384785441261154
1.7621021021021,0.0384633301976923
1.76376376376376,0.0384481161489068
1.76542542542543,0.0384329019797592
1.76708708708709,0.0384317693092429
1.76874874874875,0.0384317693092429
1.77041041041041,0.0384317693092429
1.77207207207207,0.0384317693092429
1.77373373373373,0.0384173804152471
1.7753953953954,0.0383869514702793
1.77705705705706,0.0383565220438624
1.77871871871872,0.0383260921359972
1.78038038038038,0.0382956617466815
1.78204204204204,0.0382652308759163
1.7837037037037,0.038234799523704
1.78536536536537,0.0382043676900415
1.78702702702703,0.038173935374931
1.78868868868869,0.0381435025783707
1.79035035035035,0.0381268966952123
1.79201201201201,0.0381320883010157
1.79367367367367,0.0381577133702995
1.79533533533534,0.038208093543859
1.796996996997,0.0381776612876936
1.79865865865866,0.0381472285500775
1.80032032032032,0.038116795331014
1.80198198198198,0.0380863616304999
1.80364364364364,0.0380559274485379
1.80530530530531,0.0380254927851263
1.80696696696697,0.0379950576402657
1.80862862862863,0.037959711868685
1.81029029029029,0.0379044933329539
1.81195195195195,0.037821975757739
1.81361361361361,0.037821975757739
1.81527527527528,0.037821975757739
1.81693693693694,0.037821975757739
1.8185985985986,0.037821975757739
1.82026026026026,0.0378023845209962
1.82192192192192,0.0377719458469963
1.82358358358358,0.0377415066915469
1.82524524524525,0.0377110670546481
1.82690690690691,0.0376806269363013
1.82856856856857,0.0376501863365043
1.83023023023023,0.0376197452552599
1.83189189189189,0.0375893036925644
1.83355355355355,0.0375588616484215
1.83521521521522,0.0375284191228286
1.83687687687688,0.037517006496819
1.83853853853854,0.037517006496819
1.8402002002002,0.0375109365550316
1.84186186186186,0.0374957149734497
1.84352352352352,0.0374804932715059
1.84518518518519,0.0374652714492011
1.84684684684685,0.0374500495065322
1.84850850850851,0.0374348274435017
1.85017017017017,0.0374196052601081
1.85183183183183,0.0374043829563542
1.85349349349349,0.0373891605322372
1.85515515515516,0.037373937987757
1.85681681681682,0.0373645037450668
1.85847847847848,0.0373645037450668
1.86014014014014,0.0373645037450668
1.8618018018018,0.0373645037450668
1.86346346346346,0.0373645037450668
1.86512512512513,0.037350383568975
1.86678678678679,0.0373227631068186
1.86844844844845,0.0372923168475229
1.87011011011011,0.0372618701067791
1.87177177177177,0.0372314228845855
1.87343343343343,0.0372009751809422
1.8750950950951,0.0371705269958504
1.87675675675676,0.0371400783293107
1.87841841841842,0.0371096291813221
1.88008008008008,0.0370791795518829
1.88174174174174,0.0370625697854265
1.8834034034034,0.0370594619989795
1.88506506506507,0.0370594619989795
1.88672672672673,0.0370594619989795
1.88838838838839,0.0370594619989795
1.89005005005005,0.0370542367500043
1.89171171171171,0.0370390115575547
1.89337337337337,0.0370237862447443
1.89503503503503,0.0370085608115704
1.8966966966967,0.0369933352580341
1.89835835835836,0.0369781095841367
1.90002002002002,0.0369628837898764
1.90168168168168,0.0369375450190018
1.90334334334334,0.0369070926687844
1.90500500500501,0.0368833066709787
1.90666666666667,0.0368730238097372
1.90832832832833,0.0368730238097372
1.90998998998999,0.0368700291825095
1.91165165165165,0.0368395757648821
1.91331331331331,0.0368091218658073
1.91497497497498,0.0367786674852817
1.91663663663664,0.0367482126233085
1.9182982982983,0.0367275891971556
1.91995995995996,0.036712361422613
1.92162162162162,0.0366907481478425
1.92328328328328,0.0366602918960072
1.92494494494495,0.0366298351627216
1.92660660660661,0.0366018087733889
1.92826826826827,0.0366018087733889
1.92992992992993,0.0366018087733889
1.93159159159159,0.0366018087733889
1.93325325325325,0.0366018087733889
1.93491491491491,0.0365922583269755
1.93657657657658,0.0365692023679224
1.93823823823824,0.0365387441947493
1.9398998998999,0.0365082855401285
1.94156156156156,0.0364778264040581
1.94322322322322,0.0364473667865395
1.94488488488488,0.0364169066875705
1.94654654654655,0.0363864461071536
1.94820820820821,0.0363559850452866
1.94986986986987,0.0363255235019716
1.95153153153153,0.0363043312417434
1.95319319319319,0.0362966462186908
1.95485485485485,0.0362966462186908
1.95651651651652,0.0362966462186908
1.95817817817818,0.0362966462186908
1.95983983983984,0.0362953436334166
1.9615015015015,0.0362648811316618
1.96316316316316,0.0362344181484594
1.96482482482483,0.0362039546838067
1.96648648648649,0.0361734907377055
1.96814814814815,0.0361430263101553
1.96980980980981,0.0361125614011559
1.97147147147147,0.0360820960107081
1.97313313313313,0.03605163013881
1.9747947947948,0.0360211637854633
1.97645645645646,0.0359914353405461
1.97811811811812,0.0359914353405461
1.97977977977978,0.0359914353405461
1.98144144144144,0.0359914353405461
1.9831031031031,0.0359914353405461
1.98476476476476,0.0359827284752476
1.98642642642643,0.0359674948143474
1.98808808808809,0.0359522610330846
1.98974974974975,0.0359370271314587
1.99141141141141,0.035921793109471
1.99307307307307,0.0359065589671204
1.99473473473473,0.0358913247044093
1.9963963963964,0.0358760903213348
1.99805805805806,0.0358608558178977
1.99971971971972,0.035845621194098
2.00138138138138,0.0358388117801819
2.00304304304304,0.0358388117801819
2.00470470470471,0.0358388117801819
2.00636636636637,0.0358388117801819
2.00802802802803,0.0358388117801819
2.00968968968969,0.0358388117801819
2.01135135135135,0.0358388117801819
2.01301301301301,0.0358388117801819
2.01467467467468,0.0358388117801819
2.01633633633634,0.0358388117801819
2.017997997998,0.0358388117801819
2.01965965965966,0.0358388117801819
2.02132132132132,0.0358388117801819
2.02298298298298,0.0358328702339048
2.02464464464464,0.0358024004237424
2.02630630630631,0.0357719301321292
2.02796796796797,0.0357414593590691
2.02962962962963,0.0357109881045585
2.03129129129129,0.035680516368598
2.03295295295295,0.0356500441511902
2.03461461461461,0.0356195714523329
2.03627627627628,0.0355890982720262
2.03793793793794,0.035558624610271
2.0395995995996,0.0355335284168694
2.04126126126126,0.0355335284168694
2.04292292292292,0.0355335284168694
2.04458458458458,0.0355335284168694
2.04624624624625,0.0355335284168694
2.04790790790791,0.0355335284168694
2.04956956956957,0.0355335284168694
2.05123123123123,0.0355335284168694
2.05289289289289,0.0355335284168694
2.05455455455455,0.0355335284168694
2.05621621621622,0.0355335284168694
2.05787787787788,0.0355335284168694
2.05953953953954,0.0355335284168694
2.0612012012012,0.0355335284168694
2.06286286286286,0.0355335284168694
2.06452452452452,0.0355335284168694
2.06618618618619,0.0355335284168694
2.06784784784785,0.0355262308282353
2.06950950950951,0.0355109935609269
2.07117117117117,0.0354919072785898
2.07283283283283,0.0354614320813537
2.07449449449449,0.0354309564026697
2.07615615615616,0.0354004802425353
2.07781781781782,0.0353700036009539
2.07947947947948,0.0353395264779217
2.08114114114114,0.0353090488734416
2.0828028028028,0.0352873116096351
2.08446446446446,0.0352790887003679
2.08612612612613,0.035273797067793
2.08778778778779,0.0352621248594294
2.08944944944945,0.0352621248594294
2.09111111111111,0.0352621248594294
2.09277277277277,0.0352621248594294
2.09443443443443,0.0352621248594294
2.0960960960961,0.0352740326762906
2.09775775775776,0.0352892718152802
2.09941941941942,0.0352960523921605
2.10108108108108,0.0352893185120876
2.10274274274274,0.0352790887003679
2.1044044044044,0.0352823734108417
2.10606606606607,0.0352960523921605
2.10772772772773,0.0352960523921605
2.10938938938939,0.0352960523921605
2.11105105105105,0.0352827024122286
2.11271271271271,0.0352558376722908
2.11437437437437,0.035225358745812
2.11603603603604,0.0351948793378843
2.1176976976977,0.0351708514438108
2.11935935935936,0.0351556113695358
2.12102102102102,0.0351373685483619
2.12268268268268,0.0351081656654065
2.12434434434434,0.0350929250960598
2.12600600600601,0.0350776844063533
2.12766766766767,0.035075512765444
2.12932932932933,0.035075512765444
2.13099099099099,0.035075512765444
2.13265265265265,0.035075512765444
2.13431431431431,0.035075512765444
2.13597597597598,0.035075512765444
2.13763763763764,0.035075512765444
2.1392992992993,0.035075512765444
2.14096096096096,0.035075512765444
2.14262262262262,0.035075512765444
2.14428428428428,0.035075512765444
2.14594594594595,0.035075512765444
2.14760760760761,0.035075512765444
2.14926926926927,0.035075512765444
2.15093093093093,0.0350696251225906
2.15259259259259,0.0350502213540179
2.15425425425425,0.0350197391797442
2.15591591591592,0.0349892565240226
2.15757757757758,0.0349587733868523
2.15923923923924,0.0349282897682317
2.1609009009009,0.0348978056681626
2.16256256256256,0.0348673210866439
2.16422422422422,0.0348368360236755
2.16588588588589,0.0348063504792595
2.16754754754755,0.0347814706146902
2.16920920920921,0.0347701085935195
2.17087087087087,0.0347701085935195
2.17253253253253,0.0347701085935195
2.17419419419419,0.0347701085935195
2.17585585585586,0.0347701085935195
2.17751751751752,0.0347701085935195
2.17917917917918,0.0347701085935195
2.18084084084084,0.0347701085935195
2.1825025025025,0.0347701085935195
2.18416416416416,0.0347701085935195
2.18582582582583,0.0347701085935195
2.18748748748749,0.0347701085935195
2.18914914914915,0.0347701085935195
2.19081081081081,0.0347701085935195
2.19247247247247,0.0347701085935195
2.19413413413413,0.0347581668811405
2.1957957957958,0.0347327067635875
2.19745745745746,0.03470221957472
2.19911911911912,0.0346784987267593
2.20078078078078,0.0346632547644868
2.20244244244244,0.0346480106818533
2.2041041041041,0.0346327664788563
2.20576576576577,0.0346175221554966
2.20742742742743,0.0346022777117748
2.20908908908909,0.034587033147691
2.21075075075075,0.0345834489218194
2.21241241241241,0.0345933840908191
2.21407407407407,0.0346004187286155
2.21573573573574,0.0345939340377701
2.2173973973974,0.0345786894078096
2.21905905905906,0.0345634446574875
2.22072072072072,0.0345495088607898
2.22238238238238,0.0345495088607898
2.22404404404404,0.0345495088607898
2.22570570570571,0.0345495088607898
2.22736736736737,0.0345495088607898
2.22902902902903,0.0345495088607898
2.23069069069069,0.0345574365429346
2.23235235235235,0.0345664789658785
2.23401401401401,0.0345620018198796
2.23567567567568,0.0345467569378024
2.23733733733734,0.034530485263626
2.238998998999,0.0344999948814506
2.24066066066066,0.0344695040178248
2.24232232232232,0.0344390126727515
2.24398398398398,0.0344085208462279
2.24564564564565,0.0343780285382557
2.24730730730731,0.0343475357488344
2.24896896896897,0.0343229632092138
2.25063063063063,0.0343119117291754
2.25229229229229,0.0343119117291754
2.25395395395395,0.0343119117291754
2.25561561561562,0.0343119117291754
2.25727727727728,0.0343119117291754
2.25893893893894,0.0343119117291754
2.2606006006006,0.0343119117291754
2.26226226226226,0.0343119117291754
2.26392392392392,0.0343119117291754
2.26558558558559,0.0343119117291754
2.26724724724725,0.0343119117291754
2.26890890890891,0.0343119117291754
2.27057057057057,0.0343119117291754
2.27223223223223,0.0343119117291754
2.27389389389389,0.0343119117291754
2.27555555555556,0.0342996539413741
2.27721721721722,0.0342738745319264
2.27887887887888,0.0342433800980549
2.28054054054054,0.0342128851827339
2.2822022022022,0.0341823897859628
2.28386386386386,0.0341518939077433
2.28552552552553,0.0341213975480756
2.28718718718719,0.0340909007069576
2.28884884884885,0.0340604033843929
2.29051051051051,0.0340299055803766
2.29217217217217,0.0340113844977875
2.29383383383383,0.0340063867486365
2.2954954954955,0.0340063867486365
2.29715715715716,0.0340063867486365
2.29881881881882,0.0340063867486365
2.30048048048048,0.0340063867486365
2.30214214214214,0.0340063867486365
2.3038038038038,0.0340063867486365
2.30546546546547,0.0340063867486365
2.30712712712713,0.0340063867486365
2.30878878878879,0.0340063867486365
2.31045045045045,0.0340063867486365
2.31211211211211,0.0340063867486365
2.31377377377377,0.0339998692650113
2.31543543543544,0.033984619945383
2.3170970970971,0.0339693705053912
2.31875875875876,0.0339541209450372
2.32042042042042,0.0339388712643206
2.32208208208208,0.0339236214632436
2.32374374374374,0.0339083715418033
2.32540540540541,0.0338931214999999
2.32706706706707,0.0338778713378343
2.32872872872873,0.0338626210553075
2.33039039039039,0.0338536061370783
2.33205205205205,0.0338536061370783
2.33371371371371,0.0338536061370783
2.33537537537538,0.0338536061370783
2.33703703703704,0.0338536061370783
2.3386986986987,0.0338536061370783
2.34036036036036,0.0338536061370783
2.34202202202202,0.0338536061370783
2.34368368368368,0.0338536061370783
2.34534534534535,0.0338536061370783
2.34700700700701,0.0338536061370783
2.34866866866867,0.0338536061370783
2.35033033033033,0.0338536061370783
2.35199199199199,0.0338536061370783
2.35365365365365,0.0338536061370783
2.35531531531532,0.0338536061370783
2.35697697697698,0.0338284580314226
2.35863863863864,0.0337979565660276
2.3603003003003,0.0337674546191834
2.36196196196196,0.0337369521908903
2.36362362362362,0.0337064492811484
2.36528528528529,0.0336759458899566
2.36694694694695,0.0336454420173158
2.36860860860861,0.0336149376632275
2.37027027027027,0.0335844328276884
2.37193193193193,0.0335539275107016
2.37359359359359,0.033548008671374
2.37525525525526,0.033548008671374
2.37691691691692,0.033548008671374
2.37857857857858,0.033548008671374
2.38024024024024,0.033548008671374
2.3819019019019,0.033548008671374
2.38356356356356,0.033548008671374
2.38522522522523,0.033548008671374
2.38688688688689,0.033548008671374
2.38854854854855,0.033548008671374
2.39021021021021,0.033548008671374
2.39187187187187,0.0335582933335522
2.39353353353353,0.0335906627874339
2.3951951951952,0.0336022590631183
2.39685685685686,0.0335717540274763
2.39851851851852,0.0335412485103859
2.40018018018018,0.0335107425118457
2.40184184184184,0.0334802360318575
2.4035035035035,0.0334497290704187
2.40516516516517,0.0334192216275323
2.40682682682683,0.0333887137031958
2.40848848848849,0.0333482021579605
2.41015015015015,0.0332858842807414
2.41181181181181,0.0332423628822248
2.41347347347347,0.0332423628822248
2.41513513513514,0.0332423628822248
2.4167967967968,0.0332423628822248
2.41845845845846,0.0332423628822248
2.42012012012012,0.0332423628822248
2.42178178178178,0.0332423628822248
2.42344344344344,0.0332423628822248
2.42510510510511,0.0332423628822248
2.42676676676677,0.0332423628822248
2.42842842842843,0.0332423628822248
2.43009009009009,0.0332423628822248
2.43175175175175,0.0332423628822248
2.43341341341341,0.0332412739050956
2.43507507507508,0.0332260185990552
2.43673673673674,0.0332107631726539
2.4383983983984,0.0331955076258895
2.44006006006006,0.0331802519587618
2.44172172172172,0.0331649961712723
2.44338338338338,0.0331497402634218
2.44504504504505,0.0331344842352086
2.44670670670671,0.0331192280866324
2.44836836836837,0.0331039718176941
2.45003003003003,0.0330895218663585
2.45169169169169,0.0330895218663585
2.45335335335335,0.0330895218663585
2.45501501501501,0.0330895218663585
2.45667667667668,0.0330895218663585
2.45833833833834,0.0330895218663585
2.46,0.0330895218663585
