wavelength_um,throughput
0.8,0.78642106833472
0.801661661661662,0.786542564037673
0.803323323323323,0.786703516958869
0.804984984984985,0.786890787411892
0.806646646646647,0.787056826843508
0.808308308308308,0.787208759310951
0.80996996996997,0.787377199391411
0.811631631631632,0.787575286142548
0.813293293293293,0.787785334539501
0.814954954954955,0.787977738163098
0.816616616616617,0.788193106031576
0.818278278278278,0.788408503327903
0.81993993993994,0.788623930052081
0.821601601601602,0.788839386204108
0.823263263263263,0.789054871783985
0.824924924924925,0.789290499542503
0.826586586586586,0.789523006320922
0.828248248248248,0.789725903317897
0.82990990990991,0.789931227231804
0.831571571571572,0.790146861877883
0.833233233233233,0.790362525951811
0.834894894894895,0.790553782437656
0.836556556556557,0.790744121730081
0.838218218218218,0.790906437908816
0.83987987987988,0.791082480886971
0.841541541541542,0.791259928773304
0.843203203203203,0.791440086167226
0.844864864864865,0.791632413836654
0.846526526526526,0.791801822622607
0.848188188188188,0.791990117729126
0.84984984984985,0.792142525587971
0.851511511511511,0.792306944703522
0.853173173173173,0.792482647129513
0.854834834834835,0.792669636612948
0.856496496496497,0.792844857131086
0.858158158158158,0.793010055373418
0.85981981981982,0.793175270824423
0.861481481481482,0.793340503484102
0.863143143143143,0.793505753352454
0.864804804804805,0.79367151714112
0.866466466466466,0.793849516371123
0.868128128128128,0.794039309690568
0.86978978978979,0.794209395628006
0.871451451451451,0.794383633809064
0.873113113113113,0.794554253606023
0.874774774774775,0.794731670459511
0.876436436436436,0.794913349743171
0.878098098098098,0.795081904873052
0.87975975975976,0.795254957159215
0.881421421421421,0.79539547440765
0.883083083083083,0.795560938147841
0.884744744744745,0.795691766909962
0.886406406406406,0.795839290614504
0.888068068068068,0.796000739406578
0.88972972972973,0.796173497026731
0.891391391391391,0.796340195513145
0.893053053053053,0.796488671608706
0.894714714714715,0.79663459174305
0.896376376376376,0.796801651654051
0.898038038038038,0.796980001521602
0.8996996996997,0.797158371347138
0.901361361361361,0.797336761130665
0.903023023023023,0.797525056384528
0.904684684684685,0.797690900358563
0.906346346346346,0.797864863069485
0.908008008008008,0.798050519844651
0.90966966966967,0.798237245995078
0.911331331331331,0.798433232409738
0.912992992992993,0.798601477302081
0.914654654654655,0.798792782893068
0.916316316316316,0.798946475472482
0.917977977977978,0.799132859516271
0.91963963963964,0.799324228739369
0.921301301301301,0.799523838314471
0.922962962962963,0.799707693604155
0.924624624624625,0.799873605243801
0.926286286286286,0.800043420582095
0.927947947947948,0.800224575090799
0.92960960960961,0.800416074978624
0.931271271271271,0.800607597777406
0.932932932932933,0.800799143487142
0.934594594594595,0.800968953860988
0.936256256256256,0.801116127094795
0.937917917917918,0.801272615832957
0.93957957957958,0.801432144907069
0.941241241241241,0.801605856603154
0.942902902902903,0.801799338023824
0.944564564564565,0.801967674619559
0.946226226226226,0.802144315858166
0.947887887887888,0.802284915207939
0.94954954954955,0.802461823745501
0.951211211211211,0.802630152403496
0.952872872872873,0.80280557448819
0.954534534534535,0.80298459499283
0.956196196196196,0.803163635455457
0.957857857857858,0.803328091566886
0.959519519519519,0.803472215495664
0.961181181181181,0.803627697545327
0.962842842842843,0.803794015299322
0.964504504504505,0.803960350261992
0.966166166166166,0.804102953462076
0.967827827827828,0.804254151492409
0.969489489489489,0.804398755123601
0.971151151151151,0.804524488327173
0.972812812812813,0.804657944692802
0.974474474474475,0.804806931132015
0.976136136136136,0.804950950466916
0.977797797797798,0.80509938617035
0.979459459459459,0.805215210674528
0.981121121121121,0.805356078887681
0.982782782782783,0.805485312043201
0.984444444444444,0.805633792544981
0.986106106106106,0.80577875745316
0.987767767767768,0.805926975920274
0.989429429429429,0.806063163852171
0.991091091091091,0.806178479414463
0.992752752752753,0.806296755342656
0.994414414414414,0.806424902817687
0.996076076076076,0.80655295693836
0.997737737737738,0.806655490389427
0.999399399399399,0.806758030357388
1.00106106106106,0.806830669753354
1.00272272272272,0.806894763427891
1.00438438438438,0.806944723353644
1.00604604604605,0.806983181970822
1.00770770770771,0.807021641504437
1.00936936936937,0.807051953908829
1.01103103103103,0.807051953908829
1.01269269269269,0.807051953908829
1.01435435435435,0.807051953908829
1.01601601601602,0.807051953908829
1.01767767767768,0.807051953908829
1.01933933933934,0.807051953908829
1.021001001001,0.807051953908829
1.02266266266266,0.807051953908829
1.02432432432432,0.807051953908829
1.02598598598599,0.807051953908829
1.02764764764765,0.807052981563867
1.02930930930931,0.807065801860983
1.03097097097097,0.807091019545939
1.03263263263263,0.807116660846234
1.03429429429429,0.807142302553836
1.03595595595596,0.807167944668743
1.03761761761762,0.807193587190957
1.03927927927928,0.807219230120476
1.04094094094094,0.807244873457301
1.0426026026026,0.807270517201432
1.04426426426426,0.807295371073298
1.04592592592593,0.80730819329548
1.04758758758759,0.807308854099438
1.04924924924925,0.807308854099438
1.05091091091091,0.807308854099438
1.05257257257257,0.807308854099438
1.05423423423423,0.807308854099438
1.0558958958959,0.807308854099438
1.05755755755756,0.807308854099438
1.05921921921922,0.807308854099438
1.06088088088088,0.807308854099438
1.06254254254254,0.807308854099438
1.0642042042042,0.807308854099438
1.06586586586587,0.807308854099438
1.06752752752753,0.807308854099438
1.06918918918919,0.807308854099438
1.07085085085085,0.807308854099438
1.07251251251251,0.807308854099438
1.07417417417417,0.807308854099438
1.07583583583584,0.807308854099438
1.0774974974975,0.807308854099438
1.07915915915916,0.807308854099438
1.08082082082082,0.807308854099438
1.08248248248248,0.807308854099438
1.08414414414414,0.807308854099438
1.08580580580581,0.807308854099438
1.08746746746747,0.807308854099438
1.08912912912913,0.807313285064857
1.09079079079079,0.807329087333161
1.09245245245245,0.807354732414857
1.09411411411411,0.80738037790386
1.09577577577578,0.807406023800169
1.09743743743744,0.807431670103783
1.0990990990991,0.807457316814703
1.10076076076076,0.807474416336714
1.10242242242242,0.807487239980694
1.10408408408408,0.807505708921899
1.10574574574575,0.807527162809196
1.10740740740741,0.80753724414481
1.10906906906907,0.807535952715773
1.11073073073073,0.807523128684995
1.11239239239239,0.807510304756044
1.11405405405405,0.807497480928919
1.11571571571572,0.807484657203622
1.11737737737738,0.807488453673006
1.11903903903904,0.807501277428449
1.1207007007007,0.807508693622648
1.12236236236236,0.807508693622648
1.12402402402402,0.807508693622648
1.12568568568569,0.807509747468035
1.12734734734735,0.807522571392562
1.12900900900901,0.807547822112801
1.13067067067067,0.807573470668327
1.13233233233233,0.807599119631158
1.13399399399399,0.807616695809635
1.13565565565566,0.807629520583344
1.13731731731732,0.807642345458879
1.13897897897898,0.80765517043624
1.14064064064064,0.807667995515428
1.1423023023023,0.807680820696443
1.14396396396396,0.807693645979284
1.14562562562563,0.807694281038417
1.14728728728729,0.807694281038417
1.14894894894895,0.807694281038417
1.15061061061061,0.807694281038417
1.15227227227227,0.807694281038417
1.15393393393393,0.807694281038417
1.1555955955956,0.807694281038417
1.15725725725726,0.807694281038417
1.15891891891892,0.807695438615201
1.16058058058058,0.807721089514826
1.16224224224224,0.807746740821759
1.1639039039039,0.807772392535997
1.16556556556557,0.807798044657541
1.16722722722723,0.807823697186392
1.16888888888889,0.807849350122548
1.17055055055055,0.807875003466009
1.17221221221221,0.807900657216777
1.17387387387387,0.80792631137485
1.17553553553554,0.807951283433113
1.1771971971972,0.807951283433113
1.17885885885886,0.807951283433113
1.18052052052052,0.807951283433113
1.18218218218218,0.807951283433113
1.18384384384384,0.807951283433113
1.18550550550551,0.807951283433113
1.18716716716717,0.807955742067935
1.18882882882883,0.807971576529656
1.19049049049049,0.807995676476176
1.19215215215215,0.808008400628205
1.19381381381381,0.808008400628205
1.19547547547548,0.808031360279791
1.19713713713714,0.808057016512944
1.1987987987988,0.808082673153402
1.20046046046046,0.808101205187967
1.20212212212212,0.808119707058519
1.20378378378378,0.808141143190868
1.20544544544545,0.808151202448387
1.20710710710711,0.808152520279195
1.20876876876877,0.808165349306568
1.21043043043043,0.808190873646862
1.21209209209209,0.808194045454911
1.21375375375375,0.80819404545491
1.21541541541542,0.80819404545491
1.21707707707708,0.808207821002202
1.21873873873874,0.808228044054249
1.2204004004004,0.808240873681057
1.22206206206206,0.808253703409692
1.22372372372372,0.808266533240152
1.22538538538539,0.80827936317244
1.22704704704705,0.808292193206555
1.22870870870871,0.808305023342496
1.23037037037037,0.808317853580263
1.23203203203203,0.808330683919856
1.23369369369369,0.808336863678219
1.23535535535536,0.808336863678219
1.23701701701702,0.808336863678219
1.23867867867868,0.808339158308218
1.24034034034034,0.808352831439698
1.242002002002,0.808378492775904
1.24366366366366,0.808404154519413
1.24532532532533,0.808429816670231
1.24698698698699,0.808455479228353
1.24864864864865,0.808481142193781
1.25031031031031,0.808506805566515
1.25197197197197,0.808532469346556
1.25363363363363,0.808558133533902
1.2552952952953,0.808581740870802
1.25695695695696,0.808593968277
1.25861861861862,0.808593968277
1.26028028028028,0.808593968277
1.26194194194194,0.808593968277
1.2636036036036,0.808593968277
1.26526526526527,0.808593968277
1.26692692692693,0.808600144573234
1.26858858858859,0.80861297715301
1.27025025025025,0.808625809834611
1.27191191191191,0.808638642618041
1.27357357357357,0.808651475503296
1.27523523523524,0.808664308490378
1.2768968968969,0.808677141579287
1.27855855855856,0.808689974770021
1.28022022022022,0.808702808062582
1.28188188188188,0.80871564145697
1.28354354354354,0.808722535907004
1.28520520520521,0.808722535907004
1.28686686686687,0.808722535907004
1.28852852852853,0.808725699820539
1.29019019019019,0.808751367074408
1.29185185185185,0.808777034735584
1.29351351351351,0.808802702804066
1.29517517517517,0.808828371279853
1.29683683683684,0.808854040162946
1.2984984984985,0.808879709453345
1.30016016016016,0.808905379151049
1.30182182182182,0.80893104925606
1.30348348348348,0.808956719768376
1.30514514514515,0.808979701828237
1.30680680680681,0.808979701828237
1.30846846846847,0.808979701828237
1.31013013013013,0.808979701828237
1.31179179179179,0.808979701828237
1.31345345345345,0.808988071455281
1.31511511511512,0.809007824232817
1.31677677677678,0.809033495963279
1.31843843843844,0.809059168101047
1.3201001001001,0.80908484064612
1.32176176176176,0.8091105135985
1.32342342342342,0.809136186958184
1.32508508508509,0.809161860725175
1.32674674674675,0.809187534899472
1.32840840840841,0.809213209481075
1.33007007007007,0.80923075136044
1.33173173173173,0.809236908631105
1.33339339339339,0.809236908631105
1.33505505505506,0.809244457957901
1.33671671671672,0.809270133442532
1.33837837837838,0.809295809334469
1.34004004004004,0.809321485633711
1.3417017017017,0.80934716234026
1.34336336336336,0.809372839454114
1.34502502502503,0.809398516975274
1.34668668668669,0.80942419490374
1.34834834834835,0.809449873239513
1.35001001001001,0.809475551982591
1.35167167167167,0.809494156315605
1.35333333333333,0.809494156315605
1.354994994995,0.809494156315605
1.35665665665666,0.809494156315605
1.35831831831832,0.809494156315605
1.35997997997998,0.80950472116107
1.36164164164164,0.80951756091668
1.3633033033033,0.809530400774116
1.36496496496496,0.809543240733378
1.36662662662663,0.809556080794467
1.36828828828829,0.809568920957383
1.36994994994995,0.809581761222125
1.37161161161161,0.809594601588694
1.37327327327327,0.809607442057088
1.37493493493494,0.80962028262731
1.3765965965966,0.809622795488469
1.37825825825826,0.809622795488469
1.37991991991992,0.809630216947093
1.38158158158158,0.809649026057051
1.38324324324324,0.809674707958841
1.3849049049049,0.809700390267937
1.38656656656657,0.809726072984339
1.38822822822823,0.809751756108048
1.38988988988989,0.809777439639061
1.39155155155155,0.809791579259426
1.39321321321321,0.809794330284034
1.39487487487487,0.809811605680604
1.39653653653654,0.809830105655996
1.3981981981982,0.809837216821928
1.39985985985986,0.809837216821927
1.40152152152152,0.809837216821927
1.40318318318318,0.809838587900523
1.40484484484484,0.809851430303622
1.40650650650651,0.809877033130704
1.40816816816817,0.809914025843255
1.40982982982983,0.809962409221605
1.41149149149149,0.809996981673724
1.41315315315315,0.810022669093419
1.41481481481481,0.810048356920419
1.41647647647648,0.810074045154725
1.41813813813814,0.810099733796337
1.4197997997998,0.810124289469964
1.42146146146146,0.810137134138179
1.42312312312312,0.810137454384011
1.42478478478478,0.810137454384011
1.42644644644645,0.810147071628419
1.42810810810811,0.810159916477238
1.42976976976977,0.810172761427884
1.43143143143143,0.810185606480357
1.43309309309309,0.810198451634656
1.43475475475475,0.810211296890782
1.43641641641642,0.810224142248732
1.43807807807808,0.810236987708511
1.43973973973974,0.810249833270116
1.4414014014014,0.810262678933548
1.44306306306306,0.810266144658918
1.44472472472472,0.810266144658918
1.44638638638639,0.81027261719375
1.44804804804805,0.810290481881874
1.44970970970971,0.810316173954993
1.45137137137137,0.810341866435418
1.45303303303303,0.81036755932315
1.45469469469469,0.810393252618188
1.45635635635636,0.810418946320531
1.45801801801802,0.810444640430179
1.45967967967968,0.810470334947134
1.46134134134134,0.810496029871395
1.463003003003,0.810515489676792
1.46466466466466,0.810523555869955
1.46632632632633,0.810523555869955
1.46798798798799,0.81052730310679
1.46964964964965,0.81055299893408
1.47131131131131,0.810578695168674
1.47297297297297,0.810604391810575
1.47463463463463,0.810630088859781
1.4762962962963,0.810655786316294
1.47795795795796,0.810681484180112
1.47961961961962,0.810707182451237
1.48128128128128,0.810732881129667
1.48294294294294,0.810758580215402
1.4846046046046,0.81078100796263
1.48626626626627,0.81078100796263
1.48792792792793,0.81078100796263
1.48958958958959,0.810792585283202
1.49125125125125,0.810805435248279
1.49291291291291,0.810818285315181
1.49457457457457,0.810831135483911
1.49623623623624,0.810843985754467
1.4978978978979,0.81086114257709
1.49955955955956,0.810886843695582
1.50122122122122,0.810912545221382
1.50288288288288,0.810938247154487
1.50454454454454,0.810951154658188
1.50620620620621,0.810952665403098
1.50786786786787,0.810952665403098
1.50952952952953,0.810961097139722
1.51119119119119,0.81098092590019
1.51285285285285,0.811006628916928
1.51451451451451,0.811028263514976
1.51617617617618,0.8110411153475
1.51783783783784,0.811053967281851
1.5194994994995,0.811066819318029
1.52116116116116,0.811092229218302
1.52282282282282,0.811117933998776
1.52448448448448,0.811143639186554
1.52614614614615,0.811161150060799
1.52780780780781,0.811167262754705
1.52946946946947,0.811167262754705
1.53113113113113,0.811174924913436
1.53279279279279,0.811200631004242
1.53445445445445,0.811226337502356
1.53611611611612,0.811252044407774
1.53777777777778,0.811277751720499
1.53943943943944,0.81130345944053
1.5411011011011,0.811329167567866
1.54276276276276,0.811354876102509
1.54442442442442,0.811380585044458
1.54608608608609,0.811406294393712
1.54774774774775,0.811424817051465
1.54940940940941,0.811424817051465
1.55107107107107,0.811425501024121
1.55273273273273,0.811438356003628
1.55439439439439,0.811451211084962
1.55605605605606,0.811464066268123
1.55771771771772,0.81147692155311
1.55937937937938,0.811489776939923
1.56104104104104,0.811508897714406
1.5627027027027,0.811534609096417
1.56436436436436,0.811556965204626
1.56602602602603,0.811569821225446
1.56768768768769,0.811582231469301
1.56934934934935,0.811582231469301
1.57101101101101,0.811582231469301
1.57267267267267,0.811582231469301
1.57433433433433,0.811582231469301
1.575995995996,0.811589713833014
1.57765765765766,0.811602570113218
1.57931931931932,0.811615426495248
1.58098098098098,0.811631400640298
1.58264264264264,0.811657113962877
1.5843043043043,0.811682827692761
1.58596596596597,0.811708541829951
1.58762762762763,0.811734256374447
1.58928928928929,0.811759971326249
1.59095095095095,0.811785686685357
1.59261261261261,0.811804157258875
1.59427427427427,0.811811225149668
1.59593593593594,0.811811225149668
1.5975975975976,0.811814104968041
1.59925925925926,0.811828387724828
1.60092092092092,0.81185410416757
1.60258258258258,0.811879821017617
1.60424424424424,0.81190553827497
1.60590590590591,0.81193125593963
1.60756756756757,0.811956974011595
1.60922922922923,0.811982692490867
1.61089089089089,0.812008411377444
1.61255255255255,0.812034130671328
1.61421421421421,0.812057208348086
1.61587587587588,0.812068881650514
1.61753753753754,0.812068881650514
1.6191991991992,0.812068881650514
1.62086086086086,0.812080017668743
1.62252252252252,0.812092877831764
1.62418418418418,0.812105738096609
1.62584584584585,0.812118598463282
1.62750750750751,0.812131458931782
1.62916916916917,0.812144319502108
1.63083083083083,0.812157180174259
1.63249249249249,0.812170040948238
1.63415415415415,0.812182901824044
1.63581581581582,0.812195762801676
1.63747747747748,0.81219772523155
1.63913913913914,0.812207168394855
1.6408008008008,0.81222801735262
1.64246246246246,0.812253740124105
1.64412412412412,0.812279463302896
1.64578578578579,0.812305186888993
1.64744744744745,0.812330910882396
1.64910910910911,0.812356635283105
1.65077077077077,0.812382360091119
1.65243243243243,0.812408085306438
1.65409409409409,0.812433810929065
1.65575575575576,0.812450330616161
1.65741741741742,0.812455443054848
1.65907907907908,0.812455443054848
1.66074074074074,0.812460282283576
1.6624024024024,0.812476529011023
1.66406406406406,0.812502255717282
1.66572572572573,0.812527982830847
1.66738738738739,0.81255371035172
1.66904904904905,0.812579438279898
1.67071071071071,0.812605166615381
1.67237237237237,0.812630895358171
1.67403403403403,0.812656624508266
1.6756956956957,0.812682354065666
1.67735735735736,0.812703482388281
1.67901901901902,0.81271320175978
1.68068068068068,0.81271320175978
1.68234234234234,0.812713435605993
1.684004004004,0.812726300783443
1.68566566566567,0.81273916606272
1.68732732732733,0.81274184413944
1.68898898898899,0.81274184413944
1.69065065065065,0.81274184413944
1.69231231231231,0.81274184413944
1.69397397397397,0.81274184413944
1.69563563563564,0.81274184413944
1.6972972972973,0.812743295624819
1.69895895895896,0.812756161038607
1.70062062062062,0.812756165518538
1.70228228228228,0.812756165518538
1.70394394394394,0.812766114578892
1.70560560560561,0.812778980173285
1.70726726726727,0.812805920389378
1.70892892892893,0.812844518423177
1.71059059059059,0.812883117373413
1.71225225225225,0.812921717240087
1.71391391391391,0.812959104706087
1.71557557557558,0.812984839051426
1.71723723723724,0.813010573804068
1.7188988988989,0.813036308964017
1.72056056056056,0.813062044531272
1.72222222222222,0.813087780505833
1.72388388388388,0.813099916470241
1.72554554554555,0.813099916470241
1.72720720720721,0.81310380408455
1.72886886886887,0.81311910370258
1.73053053053053,0.813144840580169
1.73219219219219,0.813170577865065
1.73385385385385,0.813196315557265
1.73551551551552,0.813222053656772
1.73717717717718,0.813247792163585
1.73883883883884,0.813273531077703
1.7405005005005,0.813299270399127
1.74216216216216,0.813325010127858
1.74382382382382,0.813347100478197
1.74548548548549,0.813357777379259
1.74714714714715,0.813357777379259
1.74880880880881,0.813357777379259
1.75047047047047,0.813369927906989
1.75213213213213,0.813382798279475
1.75379379379379,0.813395668753788
1.75545545545546,0.813408539329929
1.75711711711712,0.813421410007894
1.75877877877878,0.813434280787686
1.76044044044044,0.813447151669306
1.7621021021021,0.813460022652752
1.76376376376376,0.813472893738025
1.76542542542543,0.813485764925124
1.76708708708709,0.813486723164381
1.76874874874875,0.813486723164381
1.77041041041041,0.813486723164381
1.77207207207207,0.813486723164381
1.77373373373373,0.813498896168701
1.7753953953954,0.813524639056144
1.77705705705706,0.813550382350892
1.77871871871872,0.813576126052946
1.78038038038038,0.813601870162307
1.78204204204204,0.813627614678975
1.7837037037037,0.813653359602946
1.78536536536537,0.813679104934225
1.78702702702703,0.813704850672808
1.78868868868869,0.813730596818698
1.79035035035035,0.81374464539585
1.79201201201201,0.813740253297341
1.79367367367367,0.813718574488727
1.79533533533534,0.813675952861895
1.796996996997,0.813701698550611
1.79865865865866,0.813727444646634
1.80032032032032,0.813753191149962
1.80198198198198,0.813778938060597
1.80364364364364,0.813804685378537
1.80530530530531,0.813830433103783
1.80696696696697,0.813856181236335
1.80862862862863,0.813886083759092
1.81029029029029,0.813932798640321
1.81195195195195,0.814002608508953
1.81361361361361,0.814002608508953
1.81527527527528,0.814002608508953
1.81693693693694,0.814002608508953
1.8185985985986,0.814002608508953
1.82026026026026,0.814019182695237
1.82192192192192,0.814044933813441
1.82358358358358,0.814070685338951
1.82524524524525,0.814096437271768
1.82690690690691,0.814122189611889
1.82856856856857,0.814147942359317
1.83023023023023,0.81417369551405
1.83189189189189,0.81419944907609
1.83355355355355,0.814225203045435
1.83521521521522,0.814250957422087
1.83687687687688,0.814260612503691
1.83853853853854,0.814260612503691
1.8402002002002,0.814265747674443
1.84186186186186,0.814278625132462
1.84352352352352,0.814291502692306
1.84518518518519,0.814304380353976
1.84684684684685,0.814317258117474
1.84850850850851,0.814330135982798
1.85017017017017,0.814343013949948
1.85183183183183,0.814355892018924
1.85349349349349,0.814368770189727
1.85515515515516,0.814381648462358
1.85681681681682,0.814389629831673
1.85847847847848,0.814389629831673
1.86014014014014,0.814389629831673
1.8618018018018,0.814389629831673
1.86346346346346,0.814389629831673
1.86512512512513,0.814401575500647
1.86678678678679,0.814424942411631
1.86844844844845,0.814450699946996
1.87011011011011,0.814476457889665
1.87177177177177,0.814502216239641
1.87343343343343,0.814527974996923
1.8750950950951,0.814553734161511
1.87675675675676,0.814579493733403
1.87841841841842,0.814605253712602
1.88008008008008,0.814631014099107
1.88174174174174,0.814645065961529
1.8834034034034,0.814647695148863
1.88506506506507,0.814647695148863
1.88672672672673,0.814647695148863
1.88838838838839,0.814647695148863
1.89005005005005,0.814652115709496
1.89171171171171,0.814664996222309
1.89337337337337,0.814677876836946
1.89503503503503,0.814690757553411
1.8966966966967,0.814703638371703
1.89835835835836,0.81471651929182
1.90002002002002,0.814729400313765
1.90168168168168,0.814750836913924
1.90334334334334,0.814776599602208
1.90500500500501,0.814796722556352
1.90666666666667,0.814805421856962
1.90832832832833,0.814805421856962
1.90998998998999,0.814807955311597
1.91165165165165,0.81483371890291
1.91331331331331,0.814859482901527
1.91497497497498,0.814885247307452
1.91663663663664,0.814911012120681
1.9182982982983,0.814928459539206
1.91995995995996,0.814941342236469
1.92162162162162,0.814959627066925
1.92328328328328,0.814985393055978
1.92494494494495,0.815011159452337
1.92660660660661,0.815034869777713
1.92826826826827,0.815034869777713
1.92992992992993,0.815034869777713
1.93159159159159,0.815034869777713
1.93325325325325,0.815034869777713
1.93491491491491,0.815042949455379
1.93657657657658,0.815062454796738
1.93823823823824,0.815088222411242
1.9398998998999,0.815113990433051
1.94156156156156,0.815139758862167
1.94322322322322,0.815165527698588
1.94488488488488,0.815191296942315
1.94654654654655,0.815217066593348
1.94820820820821,0.815242836651688
1.94986986986987,0.815268607117332
1.95153153153153,0.815286535769485
1.95319319319319,0.815293037298987
1.95485485485485,0.815293037298987
1.95651651651652,0.815293037298987
1.95817817817818,0.815293037298987
1.95983983983984,0.81529413928613
1.9615015015015,0.815319910562614
1.96316316316316,0.815345682246403
1.96482482482483,0.8153714543375
1.96648648648649,0.815397226835901
1.96814814814815,0.815422999741609
1.96980980980981,0.815448773054622
1.97147147147147,0.815474546774941
1.97313313313313,0.815500320902567
1.9747947947948,0.815526095437498
1.97645645645646,0.815551245701898
1.97811811811812,0.815551245701898
1.97977977977978,0.815551245701898
1.98144144144144,0.815551245701898
1.9831031031031,0.815551245701898
1.98476476476476,0.81555861170994
1.98642642642643,0.815571499387062
1.98808808808809,0.81558438716601
1.98974974974975,0.815597275046786
1.99141141141141,0.815610163029387
1.99307307307307,0.815623051113816
1.99473473473473,0.81563593930007
1.9963963963964,0.815648827588151
1.99805805805806,0.815661715978059
1.99971971971972,0.815674604469793
2.00138138138138,0.815680365233966
2.00304304304304,0.815680365233966
2.00470470470471,0.815680365233966
2.00636636636637,0.815680365233966
2.00802802802803,0.815680365233966
2.00968968968969,0.815680365233966
2.01135135135135,0.815680365233966
2.01301301301301,0.815680365233966
2.01467467467468,0.815680365233966
2.01633633633634,0.815680365233966
2.017997997998,0.815680365233966
2.01965965965966,0.815680365233966
2.02132132132132,0.815680365233966
2.02298298298298,0.815685391782116
2.02464464464464,0.815711169241514
2.02630630630631,0.815736947108219
2.02796796796797,0.815762725382227
2.02962962962963,0.815788504063544
2.03129129129129,0.815814283152166
2.03295295295295,0.815840062648093
2.03461461461461,0.815865842551326
2.03627627627628,0.815891622861866
2.03793793793794,0.815917403579711
2.0395995995996,0.815938634959328
2.04126126126126,0.815938634959328
2.04292292292292,0.815938634959328
2.04458458458458,0.815938634959328
2.04624624624625,0.815938634959328
2.04790790790791,0.815938634959328
2.04956956956957,0.815938634959328
2.05123123123123,0.815938634959328
2.05289289289289,0.815938634959328
2.05455455455455,0.815938634959328
2.05621621621622,0.815938634959328
2.05787787787788,0.815938634959328
2.05953953953954,0.815938634959328
2.0612012012012,0.815938634959328
2.06286286286286,0.815938634959328
2.06452452452452,0.815938634959328
2.06618618618619,0.815938634959328
2.06784784784785,0.815944808719313
2.06950950950951,0.815957699447456
2.07117117117117,0.815973846442313
2.07283283283283,0.815999628459175
2.07449449449449,0.816025410883341
2.07615615615616,0.816051193714815
2.07781781781782,0.816076976953593
2.07947947947948,0.816102760599678
2.08114114114114,0.816128544653068
2.0828028028028,0.816146934378249
2.08446446446446,0.816153890959489
2.08612612612613,0.816158367680647
2.08778778778779,0.816168242368923
2.08944944944945,0.816168242368923
2.09111111111111,0.816168242368923
2.09277277277277,0.816168242368923
2.09443443443443,0.816168242368923
2.0960960960961,0.816158168355858
2.09775775775776,0.816145276044273
2.09941941941942,0.816139539676232
2.10108108108108,0.816145236538774
2.10274274274274,0.816153890959489
2.1044044044044,0.816151112094428
2.10606606606607,0.816139539676232
2.10772772772773,0.816139539676232
2.10938938938939,0.816139539676232
2.11105105105105,0.816150833759254
2.11271271271271,0.816173561329242
2.11437437437437,0.816199346501043
2.11603603603604,0.81622513208015
2.1176976976977,0.816245459678536
2.11935935935936,0.816258352781373
2.12102102102102,0.816273786208086
2.12268268268268,0.816298491847066
2.12434434434434,0.816311385368733
2.12600600600601,0.816324278992225
2.12766766766767,0.816326116200434
2.12932932932933,0.816326116200434
2.13099099099099,0.816326116200434
2.13265265265265,0.816326116200434
2.13431431431431,0.816326116200434
2.13597597597598,0.816326116200434
2.13763763763764,0.816326116200434
2.1392992992993,0.816326116200434
2.14096096096096,0.816326116200434
2.14262262262262,0.816326116200434
2.14428428428428,0.816326116200434
2.14594594594595,0.816326116200434
2.14760760760761,0.816326116200434
2.14926926926927,0.816326116200434
2.15093093093093,0.816331097146288
2.15259259259259,0.816347512734501
2.15425425425425,0.816373300653936
2.15591591591592,0.816399088980677
2.15757757757758,0.816424877714723
2.15923923923924,0.816450666856076
2.1609009009009,0.816476456404734
2.16256256256256,0.816502246360699
2.16422422422422,0.816528036723971
2.16588588588589,0.816553827494546
2.16754754754755,0.816574875859972
2.16920920920921,0.816584488129882
2.17087087087087,0.816584488129882
2.17253253253253,0.816584488129882
2.17419419419419,0.816584488129882
2.17585585585586,0.816584488129882
2.17751751751752,0.816584488129882
2.17917917917918,0.816584488129882
2.18084084084084,0.816584488129882
2.1825025025025,0.816584488129882
2.18416416416416,0.816584488129882
2.18582582582583,0.816584488129882
2.18748748748749,0.816584488129882
2.18914914914915,0.816584488129882
2.19081081081081,0.816584488129882
2.19247247247247,0.816584488129882
2.19413413413413,0.816594590818555
2.1957957957958,0.816616130078005
2.19745745745746,0.816641922239787
2.19911911911912,0.816661990077162
2.20078078078078,0.816674886469244
2.20244244244244,0.816687782963152
2.2041041041041,0.816700679558887
2.20576576576577,0.81671357625645
2.20742742742743,0.816726473055839
2.20908908908909,0.816739369957053
2.21075075075075,0.816742402212141
2.21241241241241,0.816733997059167
2.21407407407407,0.816728045755591
2.21573573573574,0.816733531804047
2.2173973973974,0.816746428760993
2.21905905905906,0.816759325819766
2.22072072072072,0.816771115503772
2.22238238238238,0.816771115503772
2.22404404404404,0.816771115503772
2.22570570570571,0.816771115503772
2.22736736736737,0.816771115503772
2.22902902902903,0.816771115503772
2.23069069069069,0.816764408684677
2.23235235235235,0.816756758794867
2.23401401401401,0.816760546460382
2.23567567567568,0.816773443630619
2.23733733733734,0.816787209466972
2.238998998999,0.816813004330293
2.24066066066066,0.81683879960092
2.24232232232232,0.816864595278852
2.24398398398398,0.816890391364091
2.24564564564565,0.816916187856636
2.24730730730731,0.816941984756486
2.24896896896897,0.816962773125005
2.25063063063063,0.816972122677118
2.25229229229229,0.816972122677118
2.25395395395395,0.816972122677118
2.25561561561562,0.816972122677118
2.25727727727728,0.816972122677118
2.25893893893894,0.816972122677118
2.2606006006006,0.816972122677118
2.26226226226226,0.816972122677118
2.26392392392392,0.816972122677118
2.26558558558559,0.816972122677118
2.26724724724725,0.816972122677118
2.26890890890891,0.816972122677118
2.27057057057057,0.816972122677118
2.27223223223223,0.816972122677118
2.27389389389389,0.816972122677118
2.27555555555556,0.816982492765597
2.27721721721722,0.81700430214599
2.27887887887888,0.817030100437045
2.28054054054054,0.817055899135407
2.2822022022022,0.817081698241075
2.28386386386386,0.817107497754049
2.28552552552553,0.817133297674328
2.28718718718719,0.817159098001914
2.28884884884885,0.817184898736804
2.29051051051051,0.817210699879001
2.29217217217217,0.817226368714872
2.29383383383383,0.817230596810653
2.2954954954955,0.817230596810653
2.29715715715716,0.817230596810653
2.29881881881882,0.817230596810653
2.30048048048048,0.817230596810653
2.30214214214214,0.817230596810653
2.3038038038038,0.817230596810653
2.30546546546547,0.817230596810653
2.30712712712713,0.817230596810653
2.30878878878879,0.817230596810653
2.31045045045045,0.817230596810653
2.31211211211211,0.817230596810653
2.31377377377377,0.8172361106018
2.31543543543544,0.817249011526206
2.3170970970971,0.817261912552439
2.31875875875876,0.817274813680498
2.32042042042042,0.817287714910385
2.32208208208208,0.817300616242096
2.32374374374374,0.817313517675634
2.32540540540541,0.817326419211
2.32706706706707,0.817339320848192
2.32872872872873,0.81735222258721
2.33039039039039,0.817359849208032
2.33205205205205,0.817359849208032
2.33371371371371,0.817359849208032
2.33537537537538,0.817359849208032
2.33703703703704,0.817359849208032
2.3386986986987,0.817359849208032
2.34036036036036,0.817359849208032
2.34202202202202,0.817359849208032
2.34368368368368,0.817359849208032
2.34534534534535,0.817359849208032
2.34700700700701,0.817359849208032
2.34866866866867,0.817359849208032
2.35033033033033,0.817359849208032
2.35199199199199,0.817359849208032
2.35365365365365,0.817359849208032
2.35531531531532,0.817359849208032
2.35697697697698,0.817381124505416
2.35863863863864,0.817406928745141
2.3603003003003,0.817432733392171
2.36196196196196,0.817458538446507
2.36362362362362,0.817484343908149
2.36528528528529,0.817510149777097
2.36694694694695,0.817535956053351
2.36860860860861,0.81756176273691
2.37027027027027,0.817587569827776
2.37193193193193,0.817613377325946
2.37359359359359,0.817618384664018
2.37525525525526,0.817618384664018
2.37691691691692,0.817618384664018
2.37857857857858,0.817618384664018
2.38024024024024,0.817618384664018
2.3819019019019,0.817618384664018
2.38356356356356,0.817618384664018
2.38522522522523,0.817618384664018
2.38688688688689,0.817618384664018
2.38854854854855,0.817618384664018
2.39021021021021,0.817618384664018
2.39187187187187,0.817609683839815
2.39353353353353,0.817582299281831
2.3951951951952,0.817572488832602
2.39685685685686,0.817598296092755
2.39851851851852,0.817624103760214
2.40018018018018,0.817649911834978
2.40184184184184,0.817675720317049
2.4035035035035,0.817701529206426
2.40516516516517,0.817727338503108
2.40682682682683,0.817753148207096
2.40848848848849,0.817787420974365
2.41015015015015,0.817840141898493
2.41181181181181,0.817876961001638
2.41347347347347,0.817876961001638
2.41513513513514,0.817876961001638
2.4167967967968,0.817876961001638
2.41845845845846,0.817876961001638
2.42012012012012,0.817876961001638
2.42178178178178,0.817876961001638
2.42344344344344,0.817876961001638
2.42510510510511,0.817876961001638
2.42676676676677,0.817876961001638
2.42842842842843,0.817876961001638
2.43009009009009,0.817876961001638
2.43175175175175,0.817876961001638
2.43341341341341,0.817877882276289
2.43507507507508,0.817890788265199
2.43673673673674,0.817903694355935
2.4383983983984,0.817916600548497
2.44006006006006,0.817929506842887
2.44172172172172,0.817942413239104
2.44338338338338,0.817955319737145
2.44504504504505,0.817968226337013
2.44670670670671,0.817981133038709
2.44836836836837,0.817994039842231
2.45003003003003,0.818006264501061
2.45169169169169,0.818006264501061
2.45335335335335,0.818006264501061
2.45501501501501,0.818006264501061
2.45667667667668,0.818006264501061
2.45833833833834,0.818006264501061
2.46,0.818006264501061
