wavelength_nm,trans_pct
558.917835671343,79.9489795918367
559.759519038076,79.9489795918367
560.60120240481,79.9489795918367
561.442885771543,79.9489795918367
562.284569138277,80.1530612244898
563.12625250501,80.3552532123961
563.967935871744,80.6235827664399
564.809619238477,80.9863945578231
565.65130260521,81.4436885865457
566.492985971944,81.9879062736206
567.334669338677,82.6209372637944
568.176352705411,83.3087679516251
569.018036072144,83.9833711262283
569.859719438878,84.6447467876039
570.701402805611,85.3155706727135
571.543086172345,85.9939531368103
572.384769539078,86.6250944822373
573.226452905812,87.2071050642479
574.068136272545,87.7475434618292
574.909819639279,88.2596371882086
575.751503006012,88.7773998488284
576.593186372746,89.297052154195
577.434869739479,89.8167044595616
578.276553106212,90.2928949357521
579.118236472946,90.7256235827664
579.959919839679,91.1432350718065
580.801603206413,91.557067271353
581.643286573146,91.9671201814059
582.48496993988,92.3526077097506
583.326653306613,92.7154195011338
584.168336673347,93.042328042328
585.01002004008,93.3333333333333
585.851703406814,93.6130007558579
586.693386773547,93.8869992441421
587.535070140281,94.1515495086924
588.376753507014,94.3896447467876
589.218436873747,94.5975056689342
590.060120240481,94.7826908541194
590.901803607214,94.9470899470899
591.743486973948,95.1058201058201
592.585170340681,95.2569916855631
593.426853707415,95.3968253968254
594.268537074148,95.5177626606198
595.110220440882,95.6198034769463
595.951903807615,95.7123960695389
596.793587174349,95.7974300831444
597.635270541082,95.8692365835223
598.476953907816,95.9221466364323
599.318637274549,95.9580498866213
600.160320641283,95.978835978836
601.002004008016,95.9863945578231
601.843687374749,95.9826152683296
602.685370741483,95.969387755102
603.527054108216,95.9448223733938
604.36873747495,95.9089191232048
605.210420841683,95.8692365835223
606.052104208417,95.8257747543462
606.89378757515,95.7785336356765
607.735470941884,95.7275132275132
608.577154308617,95.6708238851096
609.418837675351,95.6103552532124
610.260521042084,95.5461073318216
611.102204408818,95.4818594104308
611.943887775551,95.4195011337868
612.785571142285,95.3552532123961
613.627254509018,95.2872260015117
614.468937875752,95.2154195011338
615.310621242485,95.1455026455026
616.152304609218,95.0793650793651
616.993987975952,95.0170068027211
617.835671342685,94.9546485260771
618.677354709419,94.8885109599395
619.519038076152,94.8204837490552
620.360721442886,94.750566893424
621.202404809619,94.6844293272865
622.044088176353,94.6220710506425
622.885771543086,94.5597127739985
623.72745490982,94.4954648526077
624.569138276553,94.4293272864701
625.410821643287,94.3669690098261
626.25250501002,94.3065003779289
627.094188376754,94.2498110355253
627.935871743487,94.1969009826153
628.77755511022,94.1439909297052
629.619238476954,94.0910808767951
630.460921843687,94.0381708238851
631.302605210421,93.9909297052154
632.144288577154,93.9474678760393
632.985971943888,93.90589569161
633.827655310621,93.8681027966742
634.669338677355,93.8284202569917
635.511022044088,93.7887377173091
636.352705410822,93.7509448223734
637.194388777555,93.7169312169312
638.036072144289,93.6866969009826
638.877755511022,93.656462585034
639.719438877755,93.6281179138322
640.561122244489,93.6016628873772
641.402805611222,93.5770975056689
642.244488977956,93.5563114134543
643.086172344689,93.5374149659864
643.927855711423,93.5222978080121
644.769539078156,93.5090702947846
645.61122244489,93.4977324263038
646.452905811623,93.4882842025699
647.294589178357,93.478835978836
648.13627254509,93.4712773998488
648.977955911824,93.4656084656085
649.819639278557,93.4618291761149
650.661322645291,93.4618291761149
651.503006012024,93.4618291761149
652.344689378757,93.4618291761149
653.186372745491,93.4637188208617
654.028056112224,93.4656084656085
654.869739478958,93.4712773998488
655.711422845691,93.4769463340892
656.553106212425,93.4845049130763
657.394789579158,93.4939531368103
658.236472945892,93.5015117157974
659.078156312625,93.5109599395314
659.919839679359,93.5222978080121
660.761523046092,93.5355253212396
661.603206412826,93.5506424792139
662.444889779559,93.567649281935
663.286573146293,93.5865457294029
664.128256513026,93.6054421768708
664.96993987976,93.6243386243386
665.811623246493,93.6470143613001
666.653306613227,93.6715797430083
667.49498997996,93.6961451247166
668.336673346693,93.7207105064248
669.178356713427,93.745275888133
670.02004008016,93.7698412698413
670.861723446894,93.7962962962963
671.703406813627,93.8246409674981
672.545090180361,93.8548752834467
673.386773547094,93.8851095993953
674.228456913828,93.9153439153439
675.070140280561,93.9455782312925
675.911823647295,93.9758125472411
676.753507014028,94.0079365079365
677.595190380762,94.0419501133787
678.436873747495,94.0759637188209
679.278557114228,94.109977324263
680.120240480962,94.1439909297052
680.961923847695,94.1761148904006
681.803607214429,94.208238851096
682.645290581162,94.2422524565382
683.486973947896,94.2762660619803
684.328657314629,94.3102796674225
685.170340681363,94.3405139833711
686.012024048096,94.3707482993197
686.85370741483,94.4009826152683
687.695390781563,94.4312169312169
688.537074148297,94.4633408919123
689.37875751503,94.4935752078609
690.220440881764,94.5238095238095
691.062124248497,94.5521541950113
691.90380761523,94.5786092214664
692.745490981964,94.6069538926682
693.587174348697,94.6334089191232
694.428857715431,94.6598639455782
695.270541082164,94.6844293272865
696.112224448898,94.7071050642479
696.953907815631,94.7297808012094
697.795591182365,94.750566893424
698.637274549098,94.7713529856387
699.478957915832,94.7921390778534
700.320641282565,94.8091458805744
701.162324649299,94.8261526832955
702.004008016032,94.839380196523
702.845691382765,94.8526077097506
703.687374749499,94.8639455782313
704.529058116232,94.875283446712
705.370741482966,94.8847316704459
706.212424849699,94.8922902494331
707.054108216433,94.8979591836735
707.895791583166,94.9036281179138
708.7374749499,94.9055177626606
709.579158316633,94.9074074074074
710.420841683367,94.9055177626606
711.2625250501,94.901738473167
712.104208416834,94.8960695389267
712.945891783567,94.8885109599395
713.787575150301,94.8809523809524
714.629258517034,94.8715041572185
715.470941883768,94.8601662887377
716.312625250501,94.8469387755102
717.154308617235,94.8318216175359
717.995991983968,94.8167044595616
718.837675350701,94.8015873015873
719.679358717435,94.7845804988662
720.521042084168,94.7656840513983
721.362725450902,94.7430083144369
722.204408817635,94.7184429327286
723.046092184369,94.6938775510204
723.887775551102,94.6712018140589
724.729458917836,94.6466364323507
725.571142284569,94.6201814058957
726.412825651303,94.5918367346939
727.254509018036,94.563492063492
728.09619238477,94.5351473922902
728.937875751503,94.5068027210884
729.779559118236,94.4784580498866
730.62124248497,94.448223733938
731.462925851703,94.4160997732426
732.304609218437,94.3820861678005
733.14629258517,94.3480725623583
733.987975951904,94.3140589569161
734.829659318637,94.2781557067271
735.671342685371,94.2422524565382
736.513026052104,94.2044595616024
737.354709418838,94.1666666666667
738.196392785571,94.1269841269841
739.038076152305,94.0873015873016
739.879759519038,94.0495086923658
740.721442885772,94.0117157974301
741.563126252505,93.9720332577475
742.404809619238,93.9304610733182
743.246492985972,93.8907785336357
744.088176352705,93.8529856386999
744.929859719439,93.8151927437642
745.771543086172,93.7773998488284
746.613226452906,93.7377173091459
747.454909819639,93.6980347694633
748.296593186373,93.656462585034
749.138276553106,93.6167800453515
749.97995991984,93.5789871504157
750.821643286573,93.5393046107332
751.663326653307,93.4996220710506
752.50501002004,93.4580498866213
753.346693386773,93.4183673469388
754.188376753507,93.3786848072562
755.03006012024,93.3390022675737
755.871743486974,93.3012093726379
756.713426853707,93.2634164777022
757.555110220441,93.2256235827664
758.396793587174,93.1859410430839
759.238476953908,93.1481481481481
760.080160320641,93.114134542706
760.921843687375,93.0801209372638
761.763527054108,93.0479969765684
762.605210420842,93.0139833711262
763.446893787575,92.979969765684
764.288577154309,92.9459561602419
765.130260521042,92.9138321995465
765.971943887776,92.8854875283447
766.813627254509,92.8552532123961
767.655310621243,92.8231292517007
768.496993987976,92.7910052910053
769.338677354709,92.7607709750567
770.180360721443,92.7324263038549
771.022044088176,92.7059712773999
771.86372745491,92.6814058956916
772.705410821643,92.6549508692366
773.547094188377,92.6284958427816
774.38877755511,92.6020408163265
775.230460921844,92.5774754346183
776.072144288577,92.5566893424036
776.913827655311,92.535903250189
777.755511022044,92.5170068027211
778.597194388778,92.4981103552532
779.438877755511,92.4792139077853
780.280561122245,92.4622071050642
781.122244488978,92.4452003023432
781.963927855711,92.4319727891156
782.805611222445,92.4187452758881
783.647294589178,92.4036281179138
784.488977955912,92.3904006046863
785.330661322645,92.3771730914588
786.172344689379,92.3658352229781
787.014028056112,92.3544973544973
787.855711422846,92.3450491307634
788.697394789579,92.3374905517762
789.539078156313,92.3299319727891
790.380761523046,92.3242630385487
791.22244488978,92.3204837490552
792.064128256513,92.3167044595616
792.905811623247,92.3148148148148
793.74749498998,92.312925170068
794.589178356713,92.312925170068
795.430861723447,92.312925170068
796.27254509018,92.312925170068
797.114228456914,92.3148148148148
797.955911823647,92.3167044595616
798.797595190381,92.3204837490552
799.639278557114,92.3242630385488
800.480961923848,92.3299319727891
801.322645290581,92.3356009070295
802.164328657315,92.3412698412698
803.006012024048,92.348828420257
803.847695390782,92.3582766439909
804.689378757515,92.3677248677249
805.531062124248,92.3790627362056
806.372745490982,92.3904006046863
807.214428857715,92.4036281179138
808.056112224449,92.4149659863946
808.897795591182,92.4281934996221
809.739478957916,92.4433106575964
810.581162324649,92.4603174603175
811.422845691383,92.4773242630385
812.264529058116,92.4943310657596
813.10621242485,92.5113378684807
813.947895791583,92.5283446712018
814.789579158317,92.5472411186697
815.63126252505,92.5680272108844
816.472945891784,92.5907029478458
817.314629258517,92.615268329554
818.156312625251,92.6398337112623
818.997995991984,92.6643990929705
819.839679358717,92.6889644746788
820.681362725451,92.7154195011338
821.523046092184,92.7437641723356
822.364729458918,92.7721088435374
823.206412825651,92.802343159486
824.048096192385,92.8325774754346
824.889779559118,92.8628117913832
825.731462925852,92.8949357520786
826.573146292585,92.9289493575208
827.414829659319,92.9648526077098
828.256513026052,93.0007558578987
829.098196392786,93.0366591080877
829.939879759519,93.0725623582766
830.781563126252,93.1084656084656
831.623246492986,93.1462585034014
832.464929859719,93.1859410430839
833.306613226453,93.2237339380196
834.148296593186,93.2615268329554
834.98997995992,93.2993197278911
835.831663326653,93.3390022675737
836.673346693387,93.380574452003
837.51503006012,93.4221466364324
838.356713426854,93.4637188208617
839.198396793587,93.5034013605442
840.040080160321,93.5430839002267
840.881763527054,93.5846560846561
841.723446893788,93.6281179138322
842.565130260521,93.6734693877551
843.406813627254,93.718820861678
844.248496993988,93.7622826908541
845.090180360721,93.8057445200302
845.931863727455,93.8510959939531
846.773547094188,93.8983371126228
847.615230460922,93.9474678760393
848.456913827655,93.9965986394558
849.298597194389,94.0438397581255
850.140280561122,94.0910808767952
850.981963927856,94.1364323507181
851.823647294589,94.1836734693877
852.665330661323,94.2328042328042
853.507014028056,94.2819349962207
854.348697394789,94.3310657596372
855.190380761523,94.3764172335601
856.032064128256,94.421768707483
856.87374749499,94.4690098261527
857.715430861723,94.5181405895691
858.557114228457,94.5691609977324
859.39879759519,94.6201814058957
860.240480961924,94.6712018140589
861.082164328657,94.7203325774754
861.923847695391,94.7694633408919
862.765531062124,94.8204837490552
863.607214428858,94.8715041572184
864.448897795591,94.9225245653817
865.290581162325,94.9716553287982
866.132264529058,95.0207860922147
866.973947895792,95.0680272108844
867.815631262525,95.115268329554
868.657314629259,95.1643990929705
869.498997995992,95.213529856387
870.340681362725,95.2607709750567
871.182364729459,95.3061224489796
872.024048096192,95.3514739229025
872.865731462926,95.3968253968254
873.707414829659,95.4440665154951
874.549098196393,95.4931972789116
875.390781563126,95.5404383975813
876.23246492986,95.5876795162509
877.074148296593,95.6330309901738
877.915831663327,95.6802721088435
878.75751503006,95.72940287226
879.599198396794,95.7785336356765
880.440881763527,95.827664399093
881.282565130261,95.8730158730159
882.124248496994,95.916477702192
882.965931863728,95.9599395313681
883.807615230461,96.0034013605442
884.649298597194,96.0487528344671
885.490981963928,96.0922146636432
886.332665330661,96.1356764928193
887.174348697395,96.1772486772487
888.016032064128,96.2169312169312
888.857715430862,96.2566137566138
889.699398797595,96.2981859410431
890.541082164329,96.3416477702192
891.382765531062,96.3832199546485
892.224448897796,96.4229024943311
893.066132264529,96.4625850340136
893.907815631263,96.5003779289493
894.749498997996,96.5381708238851
895.591182364729,96.5778533635676
896.432865731463,96.6175359032502
897.274549098196,96.6553287981859
898.11623246493,96.6912320483749
898.957915831663,96.7271352985639
899.799599198397,96.7630385487528
900.64128256513,96.7989417989418
901.482965931864,96.8348450491307
902.324649298597,96.8707482993197
903.166332665331,96.9028722600151
904.008016032064,96.9349962207105
904.849699398798,96.9671201814059
905.691382765531,96.9992441421013
906.533066132265,97.0313681027967
907.374749498998,97.0616024187453
908.216432865731,97.0918367346939
909.058116232465,97.1201814058957
909.899799599198,97.1485260770975
910.741482965932,97.1787603930461
911.583166332665,97.2089947089947
912.424849699399,97.2373393801965
913.266533066132,97.2656840513983
914.108216432866,97.2921390778534
914.949899799599,97.3185941043084
915.791583166333,97.3450491307634
916.633266533066,97.3715041572184
917.4749498998,97.3979591836734
918.316633266533,97.4225245653817
919.158316633267,97.4452003023432
920,97.4678760393046
920.841683366733,97.490551776266
921.683366733467,97.5132275132275
922.5250501002,97.5377928949357
923.366733466934,97.5604686318972
924.208416833667,97.5812547241119
925.050100200401,97.6001511715798
925.891783567134,97.6190476190476
926.733466933868,97.6398337112623
927.575150300601,97.6606198034769
928.416833667335,97.6795162509448
929.258517034068,97.6984126984127
930.100200400802,97.713529856387
930.941883767535,97.7286470143613
931.783567134269,97.7456538170824
932.625250501002,97.7626606198035
933.466933867735,97.7796674225246
934.308617234469,97.7928949357521
935.150300601202,97.8061224489796
935.991983967936,97.8193499622071
936.833667334669,97.8325774754346
937.675350701403,97.8458049886621
938.517034068136,97.8590325018896
939.35871743487,97.8722600151172
940.200400801603,97.8835978835979
941.042084168337,97.8949357520786
941.88376753507,97.9081632653061
942.725450901804,97.9195011337868
943.567134268537,97.9289493575208
944.408817635271,97.9383975812547
945.250501002004,97.9478458049887
946.092184368737,97.9572940287226
946.933867735471,97.9648526077098
947.775551102204,97.9724111866969
948.617234468938,97.979969765684
949.458917835671,97.9856386999244
950.300601202405,97.9931972789116
951.142284569138,98.0007558578987
951.983967935872,98.0083144368859
952.825651302605,98.015873015873
953.667334669339,98.0215419501134
954.509018036072,98.0272108843537
955.350701402806,98.0328798185941
956.192384769539,98.0385487528345
957.034068136272,98.0442176870748
957.875751503006,98.0479969765684
958.717434869739,98.051776266062
959.559118236473,98.0536659108087
960.400801603206,98.0555555555555
961.24248496994,98.0574452003023
962.084168336673,98.0593348450491
962.925851703407,98.0612244897959
963.76753507014,98.0612244897959
964.609218436874,98.0612244897959
965.450901803607,98.0612244897959
966.292585170341,98.0612244897959
967.134268537074,98.0612244897959
967.975951903808,98.0612244897959
968.817635270541,98.0612244897959
969.659318637275,98.0612244897959
970.501002004008,98.0612244897959
971.342685370741,98.0612244897959
972.184368737475,98.0612244897959
973.026052104208,98.0612244897959
973.867735470942,98.0612244897959
974.709418837675,98.0612244897959
975.551102204409,98.0612244897959
976.392785571142,98.0612244897959
977.234468937876,98.0612244897959
978.076152304609,98.0612244897959
978.917835671343,98.0612244897959
979.759519038076,98.0593348450491
980.60120240481,98.0574452003023
981.442885771543,98.0555555555555
982.284569138277,98.0536659108088
983.12625250501,98.051776266062
983.967935871744,98.0498866213152
984.809619238477,98.0479969765684
985.651302605211,98.0442176870748
986.492985971944,98.0404383975813
987.334669338677,98.0385487528345
988.176352705411,98.0366591080877
989.018036072144,98.0347694633409
989.859719438878,98.0309901738473
990.701402805611,98.0272108843537
991.543086172345,98.0234315948601
992.384769539078,98.0196523053666
993.226452905812,98.0177626606198
994.068136272545,98.015873015873
994.909819639279,98.0139833711262
995.751503006012,98.0102040816326
996.593186372746,98.0064247921391
997.434869739479,98.0045351473923
998.276553106212,98.0026455026455
999.118236472946,98.0007558578987
999.959919839679,97.9969765684051
1000.80160320641,97.9931972789116
1001.64328657315,97.989417989418
1002.48496993988,97.9856386999244
1003.32665330661,97.9837490551776
1004.16833667335,97.979969765684
1005.01002004008,97.9761904761905
1005.85170340681,97.9724111866969
1006.69338677355,97.9686318972033
1007.53507014028,97.9648526077097
1008.37675350701,97.9610733182162
1009.21843687375,97.9572940287226
1010.06012024048,97.953514739229
1010.90180360721,97.9497354497355
1011.74348697395,97.9459561602419
1012.58517034068,97.9421768707483
1013.42685370741,97.9383975812547
1014.26853707415,97.9346182917611
1015.11022044088,97.9327286470143
1015.95190380762,97.9308390022675
1016.79358717435,97.9289493575208
1017.63527054108,97.9251700680272
1018.47695390782,97.9213907785336
1019.31863727455,97.9195011337868
1020.16032064128,97.9176114890401
1021.00200400802,97.9157218442933
1021.84368737475,97.9119425547997
1022.68537074148,97.9081632653061
1023.52705410822,97.9043839758126
1024.36873747495,97.900604686319
1025.21042084168,97.8987150415722
1026.05210420842,97.8968253968254
1026.89378757515,97.8949357520786
1027.73547094188,97.891156462585
1028.57715430862,97.8873771730915
1029.41883767535,97.8854875283447
1030.26052104208,97.8835978835979
1031.10220440882,97.8817082388511
1031.94388777555,97.8798185941043
1032.78557114228,97.8779289493575
1033.62725450902,97.8741496598639
1034.46893787575,97.8703703703704
1035.31062124249,97.8684807256236
1036.15230460922,97.8665910808768
1036.99398797595,97.86470143613
1037.83567134269,97.8628117913832
1038.67735470942,97.8609221466364
1039.51903807615,97.8590325018896
1040.36072144289,97.8571428571429
1041.20240480962,97.8571428571429
1042.04408817635,97.8571428571429
1042.88577154309,97.8571428571429
1043.72745490982,97.8552532123961
1044.56913827655,97.8533635676493
1045.41082164329,97.8514739229025
1046.25250501002,97.8495842781557
1047.09418837675,97.8476946334089
1047.93587174349,97.8458049886622
1048.77755511022,97.8439153439154
1049.61923847695,97.8420256991686
1050.46092184369,97.8401360544218
1051.30260521042,97.8401360544218
1052.14428857715,97.8401360544218
1052.98597194389,97.8401360544218
1053.82765531062,97.8401360544218
1054.66933867735,97.8401360544218
1055.51102204409,97.8401360544218
1056.35270541082,97.8401360544218
1057.19438877756,97.8401360544218
1058.03607214429,97.8401360544218
1058.87775551102,97.8401360544218
1059.71943887776,97.8401360544218
1060.56112224449,97.8401360544218
1061.40280561122,97.8401360544218
1062.24448897796,97.8401360544218
1063.08617234469,97.8401360544218
1063.92785571142,97.8401360544218
1064.76953907816,97.8401360544218
1065.61122244489,97.8401360544218
1066.45290581162,97.8401360544218
1067.29458917836,97.8401360544218
1068.13627254509,97.8401360544218
1068.97795591182,97.8401360544218
1069.81963927856,97.8401360544218
1070.66132264529,97.8401360544218
1071.50300601202,97.8401360544218
1072.34468937876,97.8401360544218
1073.18637274549,97.8401360544218
1074.02805611222,97.8401360544218
1074.86973947896,97.8401360544218
1075.71142284569,97.8401360544218
1076.55310621242,97.8401360544218
1077.39478957916,97.8401360544218
1078.23647294589,97.8420256991686
1079.07815631263,97.8439153439154
1079.91983967936,97.8458049886621
1080.76152304609,97.8476946334089
1081.60320641283,97.8495842781557
1082.44488977956,97.8514739229025
1083.28657314629,97.8533635676493
1084.12825651303,97.8552532123961
1084.96993987976,97.8571428571429
1085.81162324649,97.8571428571429
1086.65330661323,97.8571428571429
1087.49498997996,97.8590325018896
1088.33667334669,97.8609221466364
1089.17835671343,97.8628117913832
1090.02004008016,97.86470143613
1090.86172344689,97.8665910808768
1091.70340681363,97.8684807256236
1092.54509018036,97.8703703703703
1093.38677354709,97.8722600151171
1094.22845691383,97.8741496598639
1095.07014028056,97.8741496598639
1095.91182364729,97.8760393046107
1096.75350701403,97.8779289493575
1097.59519038076,97.8798185941043
1098.4368737475,97.8817082388511
1099.27855711423,97.8835978835979
1100.12024048096,97.8854875283447
1100.9619238477,97.8873771730915
1101.80360721443,97.8892668178382
1102.64529058116,97.891156462585
1103.4869739479,97.8930461073318
1104.32865731463,97.8949357520786
1105.17034068136,97.8968253968254
1106.0120240481,97.8987150415722
1106.85370741483,97.900604686319
1107.69539078156,97.9024943310658
1108.5370741483,97.9043839758125
1109.37875751503,97.9062736205593
1110.22044088176,97.9100529100529
1111.0621242485,97.9119425547997
1111.90380761523,97.9138321995465
1112.74549098196,97.9157218442932
1113.5871743487,97.91761148904
1114.42885771543,97.9195011337868
1115.27054108216,97.9213907785336
1116.1122244489,97.9232804232804
1116.95390781563,97.9251700680272
1117.79559118236,97.927059712774
1118.6372745491,97.9289493575208
1119.47895791583,97.9308390022676
1120.32064128257,97.9327286470144
1121.1623246493,97.9346182917612
1122.00400801603,97.936507936508
1122.84569138277,97.9383975812547
1123.6873747495,97.9421768707483
1124.52905811623,97.9459561602419
1125.37074148297,97.9478458049887
1126.2124248497,97.9497354497354
1127.05410821643,97.9516250944822
1127.89579158317,97.953514739229
1128.7374749499,97.9554043839758
1129.57915831663,97.9591836734694
1130.42084168337,97.962962962963
1131.2625250501,97.9648526077098
1132.10420841683,97.9667422524566
1132.94589178357,97.9686318972034
1133.7875751503,97.9705215419501
1134.62925851703,97.9724111866969
1135.47094188377,97.9743008314437
1136.3126252505,97.9761904761905
1137.15430861723,97.9761904761905
1137.99599198397,97.9780801209373
1138.8376753507,97.979969765684
1139.67935871743,97.9818594104308
1140.52104208417,97.9837490551776
1141.3627254509,97.9856386999244
1142.20440881764,97.9875283446712
1143.04609218437,97.989417989418
1143.8877755511,97.9931972789116
1144.72945891784,97.9969765684051
1145.57114228457,97.9988662131519
1146.4128256513,98.0007558578987
1147.25450901804,98.0026455026455
1148.09619238477,98.0045351473923
1148.9378757515,98.0064247921391
1149.77955911824,98.0083144368858
1150.62124248497,98.0102040816326
1151.4629258517,98.0120937263794
1152.30460921844,98.0139833711262
1153.14629258517,98.015873015873
1153.9879759519,98.0177626606198
1154.82965931864,98.0196523053666
1155.67134268537,98.0215419501134
1156.5130260521,98.0234315948602
1157.35470941884,98.025321239607
1158.19639278557,98.0272108843537
1159.0380761523,98.0272108843537
1159.87975951904,98.0272108843537
1160.72144288577,98.0272108843537
1161.5631262525,98.0291005291005
1162.40480961924,98.0309901738473
1163.24649298597,98.0328798185941
1164.08817635271,98.0347694633409
1164.92985971944,98.0366591080877
1165.77154308617,98.0385487528345
1166.61322645291,98.0404383975813
1167.45490981964,98.042328042328
1168.29659318637,98.0442176870748
1169.13827655311,98.0442176870748
1169.97995991984,98.0442176870748
1170.82164328657,98.0442176870748
1171.66332665331,98.0442176870748
1172.50501002004,98.0442176870748
1173.34669338677,98.0442176870748
1174.18837675351,98.0442176870748
1175.03006012024,98.0442176870748
1175.87174348697,98.0461073318216
1176.71342685371,98.0479969765684
1177.55511022044,98.0498866213152
1178.39679358717,98.051776266062
1179.23847695391,98.0536659108087
1180.08016032064,98.0555555555555
1180.92184368737,98.0574452003023
1181.76352705411,98.0593348450491
1182.60521042084,98.0612244897959
1183.44689378758,98.0612244897959
1184.28857715431,98.0612244897959
1185.13026052104,98.0612244897959
1185.97194388778,98.0612244897959
1186.81362725451,98.0612244897959
1187.65531062124,98.0612244897959
1188.49699398798,98.0612244897959
1189.33867735471,98.0612244897959
1190.18036072144,98.0612244897959
1191.02204408818,98.0612244897959
1191.86372745491,98.0612244897959
1192.70541082164,98.0612244897959
1193.54709418838,98.0612244897959
1194.38877755511,98.0612244897959
1195.23046092184,98.0612244897959
1196.07214428858,98.0612244897959
1196.91382765531,98.0612244897959
1197.75551102204,98.0612244897959
1198.59719438878,98.0612244897959
1199.43887775551,98.0612244897959
1200.28056112224,98.0612244897959
1201.12224448898,98.0612244897959
1201.96392785571,98.0612244897959
1202.80561122244,98.0612244897959
1203.64729458918,98.0612244897959
1204.48897795591,98.0612244897959
1205.33066132265,98.0612244897959
1206.17234468938,98.0612244897959
1207.01402805611,98.0612244897959
1207.85571142285,98.0612244897959
1208.69739478958,98.0612244897959
1209.53907815631,98.0612244897959
1210.38076152305,98.0612244897959
1211.22244488978,98.0612244897959
1212.06412825651,98.0612244897959
1212.90581162325,98.0612244897959
1213.74749498998,98.0593348450491
1214.58917835671,98.0574452003023
1215.43086172345,98.0555555555555
1216.27254509018,98.0536659108088
1217.11422845691,98.051776266062
1217.95591182365,98.0498866213152
1218.79759519038,98.0479969765684
1219.63927855711,98.0461073318216
1220.48096192385,98.0442176870748
1221.32264529058,98.0442176870748
1222.16432865731,98.0442176870748
1223.00601202405,98.0442176870748
1223.84769539078,98.0442176870748
1224.68937875751,98.0442176870748
1225.53106212425,98.0442176870748
1226.37274549098,98.0442176870748
1227.21442885772,98.0442176870748
1228.05611222445,98.0423280423281
1228.89779559118,98.0404383975813
1229.73947895792,98.0385487528345
1230.58116232465,98.0366591080877
1231.42284569138,98.0347694633409
1232.26452905812,98.0328798185941
1233.10621242485,98.0309901738473
1233.94789579158,98.0291005291005
1234.78957915832,98.0272108843537
1235.63126252505,98.0272108843537
1236.47294589178,98.0272108843537
1237.31462925852,98.0272108843537
1238.15631262525,98.0272108843537
1238.99799599198,98.0272108843537
1239.83967935872,98.0253212396069
1240.68136272545,98.0234315948601
1241.52304609218,98.0215419501134
1242.36472945892,98.0196523053666
1243.20641282565,98.0177626606198
1244.04809619238,98.015873015873
1244.88977955912,98.0139833711262
1245.73146292585,98.0120937263794
1246.57314629259,98.0102040816326
1247.41482965932,98.0083144368859
1248.25651302605,98.0064247921391
1249.09819639279,98.0045351473923
1249.93987975952,98.0026455026455
1250.78156312625,98.0007558578987
1251.62324649299,97.9988662131519
1252.46492985972,97.9969765684051
1253.30661322645,97.9950869236584
1254.14829659319,97.9931972789116
1254.98997995992,97.9931972789116
1255.83166332665,97.9913076341648
1256.67334669339,97.989417989418
1257.51503006012,97.9875283446712
1258.35671342685,97.9856386999244
1259.19839679359,97.9837490551776
1260.04008016032,97.9818594104308
1260.88176352705,97.9799697656841
1261.72344689379,97.9780801209373
1262.56513026052,97.9761904761905
1263.40681362725,97.9743008314437
1264.24849699399,97.9724111866969
1265.09018036072,97.9705215419501
1265.93186372746,97.9686318972033
1266.77354709419,97.9667422524565
1267.61523046092,97.9648526077097
1268.45691382766,97.9629629629629
1269.29859719439,97.9610733182162
1270.14028056112,97.9591836734694
1270.98196392786,97.9591836734694
1271.82364729459,97.9572940287226
1272.66533066132,97.9554043839758
1273.50701402806,97.953514739229
1274.34869739479,97.9516250944822
1275.19038076152,97.9497354497355
1276.03206412826,97.9478458049887
1276.87374749499,97.9459561602419
1277.71543086172,97.9440665154951
1278.55711422846,97.9421768707483
1279.39879759519,97.9402872260015
1280.24048096192,97.9383975812547
1281.08216432866,97.9365079365079
1281.92384769539,97.9346182917611
1282.76553106212,97.9327286470143
1283.60721442886,97.9308390022675
1284.44889779559,97.9289493575208
1285.29058116232,97.927059712774
1286.13226452906,97.9251700680272
1286.97394789579,97.9251700680272
1287.81563126253,97.9232804232804
1288.65731462926,97.9213907785336
1289.49899799599,97.9195011337868
1290.34068136273,97.9176114890401
1291.18236472946,97.9157218442933
1292.02404809619,97.9138321995465
1292.86573146293,97.9119425547997
1293.70741482966,97.9081632653061
1294.54909819639,97.9043839758126
1295.39078156313,97.9024943310658
1296.23246492986,97.900604686319
1297.07414829659,97.8987150415722
1297.91583166333,97.8968253968254
1298.75751503006,97.8949357520786
1299.59919839679,97.8930461073318
1300.44088176353,97.891156462585
1301.28256513026,97.891156462585
1302.12424849699,97.8892668178382
1302.96593186373,97.8873771730915
1303.80761523046,97.8854875283447
1304.64929859719,97.8835978835979
1305.49098196393,97.8817082388511
1306.33266533066,97.8798185941043
1307.17434869739,97.8779289493575
1308.01603206413,97.8760393046107
1308.85771543086,97.8741496598639
1309.6993987976,97.8722600151171
1310.54108216433,97.8703703703704
1311.38276553106,97.8684807256236
1312.2244488978,97.8665910808768
1313.06613226453,97.86470143613
1313.90781563126,97.8628117913832
1314.749498998,97.8609221466364
1315.59118236473,97.8590325018896
1316.43286573146,97.8571428571429
1317.2745490982,97.8571428571429
1318.11623246493,97.8552532123961
1318.95791583166,97.8533635676493
1319.7995991984,97.8514739229025
1320.64128256513,97.8495842781557
1321.48296593186,97.8476946334089
1322.3246492986,97.8458049886622
1323.16633266533,97.8439153439154
1324.00801603206,97.8420256991686
1324.8496993988,97.8401360544218
1325.69138276553,97.838246409675
1326.53306613226,97.8363567649282
1327.374749499,97.8344671201814
1328.21643286573,97.8325774754346
1329.05811623246,97.8306878306878
1329.8997995992,97.828798185941
1330.74148296593,97.8269085411942
1331.58316633267,97.8250188964474
1332.4248496994,97.8231292517007
1333.26653306613,97.8231292517007
1334.10821643287,97.8231292517007
1334.9498997996,97.8231292517007
1335.79158316633,97.8212396069539
1336.63326653307,97.8193499622071
1337.4749498998,97.8174603174603
1338.31663326653,97.8155706727135
1339.15831663327,97.8136810279667
1340,97.81179138322
1340.84168336673,97.8099017384732
1341.68336673347,97.8080120937264
1342.5250501002,97.8061224489796
1343.36673346693,97.8061224489796
1344.20841683367,97.8061224489796
1345.0501002004,97.8061224489796
1345.89178356713,97.8042328042328
1346.73346693387,97.802343159486
1347.5751503006,97.8004535147392
1348.41683366733,97.7985638699924
1349.25851703407,97.7966742252456
1350.1002004008,97.7947845804989
1350.94188376754,97.7928949357521
1351.78356713427,97.7910052910053
1352.625250501,97.7891156462585
1353.46693386774,97.7891156462585
1354.30861723447,97.7891156462585
1355.1503006012,97.7891156462585
1355.99198396794,97.7891156462585
1356.83366733467,97.7891156462585
1357.6753507014,97.7891156462585
1358.51703406814,97.7891156462585
1359.35871743487,97.7872260015117
1360.2004008016,97.7853363567649
1361.04208416834,97.7834467120181
1361.88376753507,97.7815570672714
1362.7254509018,97.7796674225246
1363.56713426854,97.7777777777778
1364.40881763527,97.775888133031
1365.250501002,97.7739984882842
1366.09218436874,97.7721088435374
1366.93386773547,97.7721088435374
1367.7755511022,97.7721088435374
1368.61723446894,97.7721088435374
1369.45891783567,97.7721088435374
1370.3006012024,97.7721088435374
1371.14228456914,97.7721088435374
1371.98396793587,97.7721088435374
1372.82565130261,97.7721088435374
1373.66733466934,97.7721088435374
1374.50901803607,97.7721088435374
1375.35070140281,97.7702191987906
1376.19238476954,97.7683295540438
1377.03406813627,97.7664399092971
1377.87575150301,97.7645502645503
1378.71743486974,97.7626606198035
1379.55911823647,97.7607709750567
1380.40080160321,97.7588813303099
1381.24248496994,97.7569916855631
1382.08416833667,97.7551020408163
1382.92585170341,97.7551020408163
1383.76753507014,97.7551020408163
1384.60921843687,97.7551020408163
1385.45090180361,97.7551020408163
1386.29258517034,97.7551020408163
1387.13426853707,97.7551020408163
1387.97595190381,97.7551020408163
1388.81763527054,97.7551020408163
1389.65931863727,97.7551020408163
1390.50100200401,97.7551020408163
1391.34268537074,97.7551020408163
1392.18436873747,97.7551020408163
1393.02605210421,97.7551020408163
1393.86773547094,97.7551020408163
1394.70941883768,97.7551020408163
1395.55110220441,97.7551020408163
1396.39278557114,97.7551020408163
1397.23446893788,97.7551020408163
1398.07615230461,97.7551020408163
1398.91783567134,97.7551020408163
1399.75951903808,97.7551020408163
1400.60120240481,97.7551020408163
1401.44288577154,97.7551020408163
1402.28456913828,97.7551020408163
1403.12625250501,97.7551020408163
1403.96793587174,97.7551020408163
1404.80961923848,97.7551020408163
1405.65130260521,97.7551020408163
1406.49298597194,97.7551020408163
1407.33466933868,97.7551020408163
1408.17635270541,97.7551020408163
1409.01803607214,97.7551020408163
1409.85971943888,97.7551020408163
1410.70140280561,97.7551020408163
1411.54308617234,97.7551020408163
1412.38476953908,97.7551020408163
1413.22645290581,97.7551020408163
1414.06813627254,97.7551020408163
1414.90981963928,97.7551020408163
1415.75150300601,97.7551020408163
1416.59318637275,97.7551020408163
1417.43486973948,97.7551020408163
1418.27655310621,97.7551020408163
1419.11823647295,97.7551020408163
1419.95991983968,97.7551020408163
1420.80160320641,97.7551020408163
1421.64328657315,97.7551020408163
1422.48496993988,97.7551020408163
1423.32665330661,97.7551020408163
1424.16833667335,97.7551020408163
1425.01002004008,97.7551020408163
1425.85170340681,97.7551020408163
1426.69338677355,97.7551020408163
1427.53507014028,97.7551020408163
1428.37675350701,97.7551020408163
1429.21843687375,97.7551020408163
1430.06012024048,97.7551020408163
1430.90180360721,97.7551020408163
1431.74348697395,97.7551020408163
1432.58517034068,97.7551020408163
1433.42685370741,97.7551020408163
1434.26853707415,97.7551020408163
1435.11022044088,97.7551020408163
1435.95190380762,97.7551020408163
1436.79358717435,97.7551020408163
1437.63527054108,97.7551020408163
1438.47695390782,97.7551020408163
1439.31863727455,97.7551020408163
1440.16032064128,97.7551020408163
1441.00200400802,97.7551020408163
1441.84368737475,97.7551020408163
1442.68537074148,97.7551020408163
1443.52705410822,97.7551020408163
1444.36873747495,97.7551020408163
1445.21042084168,97.7551020408163
1446.05210420842,97.7551020408163
1446.89378757515,97.7551020408163
1447.73547094188,97.7551020408163
1448.57715430862,97.7569916855631
1449.41883767535,97.7588813303099
1450.26052104208,97.7607709750567
1451.10220440882,97.7626606198035
1451.94388777555,97.7645502645503
1452.78557114228,97.766439909297
1453.62725450902,97.7683295540438
1454.46893787575,97.7702191987906
1455.31062124249,97.7721088435374
1456.15230460922,97.7721088435374
1456.99398797595,97.7721088435374
1457.83567134269,97.7721088435374
1458.67735470942,97.7721088435374
1459.51903807615,97.7721088435374
1460.36072144289,97.7721088435374
1461.20240480962,97.7721088435374
1462.04408817635,97.7721088435374
1462.88577154309,97.7721088435374
1463.72745490982,97.7721088435374
1464.56913827655,97.7721088435374
1465.41082164329,97.7721088435374
1466.25250501002,97.7721088435374
1467.09418837675,97.7721088435374
1467.93587174349,97.7721088435374
1468.77755511022,97.7739984882842
1469.61923847695,97.775888133031
1470.46092184369,97.7777777777778
1471.30260521042,97.7796674225245
1472.14428857715,97.7815570672713
1472.98597194389,97.7834467120181
1473.82765531062,97.7853363567649
1474.66933867735,97.7872260015117
1475.51102204409,97.7891156462585
1476.35270541082,97.7891156462585
1477.19438877756,97.7891156462585
1478.03607214429,97.7891156462585
1478.87775551102,97.7891156462585
1479.71943887776,97.7891156462585
1480.56112224449,97.7891156462585
1481.40280561122,97.7891156462585
1482.24448897796,97.7910052910053
1483.08617234469,97.7928949357521
1483.92785571142,97.7947845804989
1484.76953907816,97.7966742252457
1485.61122244489,97.7985638699924
1486.45290581162,97.8004535147392
1487.29458917836,97.802343159486
1488.13627254509,97.8042328042328
1488.97795591182,97.8061224489796
1489.81963927856,97.8061224489796
1490.66132264529,97.8061224489796
1491.50300601202,97.8061224489796
1492.34468937876,97.8061224489796
1493.18637274549,97.8061224489796
1494.02805611222,97.8061224489796
1494.86973947896,97.8061224489796
1495.71142284569,97.8061224489796
1496.55310621242,97.8080120937264
1497.39478957916,97.8099017384732
1498.23647294589,97.8117913832199
1499.07815631263,97.8136810279667
1499.91983967936,97.8155706727135
1500.76152304609,97.8174603174603
1501.60320641283,97.8193499622071
1502.44488977956,97.8212396069539
1503.28657314629,97.8231292517007
1504.12825651303,97.8231292517007
1504.96993987976,97.8231292517007
1505.81162324649,97.8231292517007
1506.65330661323,97.8231292517007
1507.49498997996,97.8231292517007
1508.33667334669,97.8250188964475
1509.17835671343,97.8269085411943
1510.02004008016,97.8287981859411
1510.86172344689,97.8306878306878
1511.70340681363,97.8325774754346
1512.54509018036,97.8344671201814
1513.38677354709,97.8363567649282
1514.22845691383,97.838246409675
1515.07014028056,97.8401360544218
1515.91182364729,97.8401360544218
1516.75350701403,97.8401360544218
1517.59519038076,97.8401360544218
1518.4368737475,97.8401360544218
1519.27855711423,97.8401360544218
1520.12024048096,97.8420256991686
1520.9619238477,97.8439153439154
1521.80360721443,97.8458049886621
1522.64529058116,97.8476946334089
1523.4869739479,97.8495842781557
1524.32865731463,97.8514739229025
1525.17034068136,97.8533635676493
1526.0120240481,97.8552532123961
1526.85370741483,97.8571428571429
1527.69539078156,97.8571428571429
1528.5370741483,97.8571428571429
1529.37875751503,97.8571428571429
1530.22044088176,97.8571428571429
1531.0621242485,97.8571428571429
1531.90380761523,97.8571428571429
1532.74549098196,97.8590325018896
1533.5871743487,97.8609221466364
1534.42885771543,97.8628117913832
1535.27054108216,97.86470143613
1536.1122244489,97.8665910808768
1536.95390781563,97.8684807256236
1537.79559118236,97.8703703703703
1538.6372745491,97.8722600151171
1539.47895791583,97.8741496598639
1540.32064128257,97.8741496598639
1541.1623246493,97.8741496598639
1542.00400801603,97.8741496598639
1542.84569138277,97.8741496598639
1543.6873747495,97.8741496598639
1544.52905811623,97.8760393046107
1545.37074148297,97.8779289493575
1546.2124248497,97.8798185941043
1547.05410821643,97.8817082388511
1547.89579158317,97.8835978835979
1548.7374749499,97.8854875283447
1549.57915831663,97.8873771730915
1550.42084168337,97.8892668178382
1551.2625250501,97.891156462585
1552.10420841683,97.891156462585
1552.94589178357,97.891156462585
1553.7875751503,97.891156462585
1554.62925851703,97.891156462585
1555.47094188377,97.891156462585
1556.3126252505,97.8930461073318
1557.15430861723,97.8949357520786
1557.99599198397,97.8968253968254
1558.8376753507,97.8987150415722
1559.67935871743,97.900604686319
1560.52104208417,97.9024943310658
1561.3627254509,97.9043839758125
1562.20440881764,97.9062736205593
1563.04609218437,97.9081632653061
1563.8877755511,97.9081632653061
1564.72945891784,97.9081632653061
1565.57114228457,97.9081632653061
1566.4128256513,97.9081632653061
1567.25450901804,97.9081632653061
1568.09619238477,97.9100529100529
1568.9378757515,97.9119425547997
1569.77955911824,97.9138321995465
1570.62124248497,97.9157218442932
1571.4629258517,97.91761148904
1572.30460921844,97.9195011337868
1573.14629258517,97.9213907785336
1573.9879759519,97.9232804232804
1574.82965931864,97.9251700680272
1575.67134268537,97.9251700680272
1576.5130260521,97.9251700680272
1577.35470941884,97.9251700680272
1578.19639278557,97.927059712774
1579.0380761523,97.9289493575208
1579.87975951904,97.9308390022676
1580.72144288577,97.9327286470144
1581.56312625251,97.9346182917612
1582.40480961924,97.936507936508
1583.24649298597,97.9383975812547
1584.08817635271,97.9402872260015
1584.92985971944,97.9421768707483
1585.77154308617,97.9421768707483
1586.61322645291,97.9421768707483
1587.45490981964,97.9421768707483
1588.29659318637,97.9421768707483
1589.13827655311,97.9421768707483
1589.97995991984,97.9421768707483
1590.82164328657,97.9440665154951
1591.66332665331,97.9459561602419
1592.50501002004,97.9478458049887
1593.34669338677,97.9497354497354
1594.18837675351,97.9516250944822
1595.03006012024,97.953514739229
1595.87174348697,97.9554043839758
1596.71342685371,97.9572940287226
1597.55511022044,97.9591836734694
1598.39679358717,97.9591836734694
1599.23847695391,97.9591836734694
1600.08016032064,97.9591836734694
1600.92184368737,97.9591836734694
1601.76352705411,97.9591836734694
1602.60521042084,97.9610733182162
1603.44689378758,97.962962962963
1604.28857715431,97.9648526077098
1605.13026052104,97.9667422524566
1605.97194388778,97.9686318972034
1606.81362725451,97.9705215419501
1607.65531062124,97.9724111866969
1608.49699398798,97.9743008314437
1609.33867735471,97.9761904761905
1610.18036072144,97.9761904761905
1611.02204408818,97.9761904761905
1611.86372745491,97.9761904761905
1612.70541082164,97.9780801209373
1613.54709418838,97.979969765684
1614.38877755511,97.9818594104308
1615.23046092184,97.9837490551776
1616.07214428858,97.9856386999244
1616.91382765531,97.9875283446712
1617.75551102204,97.989417989418
1618.59719438878,97.9913076341648
1619.43887775551,97.9931972789116
1620.28056112224,97.9931972789116
1621.12224448898,97.9931972789116
1621.96392785571,97.9931972789116
1622.80561122244,97.9931972789116
1623.64729458918,97.9931972789116
1624.48897795591,97.9950869236583
1625.33066132265,97.9969765684051
1626.17234468938,97.9988662131519
1627.01402805611,98.0007558578987
1627.85571142285,98.0026455026455
1628.69739478958,98.0045351473923
1629.53907815631,98.0064247921391
1630.38076152305,98.0083144368858
1631.22244488978,98.0102040816326
1632.06412825651,98.0102040816326
1632.90581162325,98.0102040816326
1633.74749498998,98.0102040816326
1634.58917835671,98.0120937263794
1635.43086172345,98.0139833711262
1636.27254509018,98.015873015873
1637.11422845691,98.0177626606198
1637.95591182365,98.0196523053666
1638.79759519038,98.0215419501134
1639.63927855711,98.0234315948602
1640.48096192385,98.025321239607
1641.32264529058,98.0272108843537
1642.16432865731,98.0272108843537
1643.00601202405,98.0272108843537
1643.84769539078,98.0272108843537
1644.68937875751,98.0291005291005
1645.53106212425,98.0309901738473
1646.37274549098,98.0328798185941
1647.21442885772,98.0347694633409
1648.05611222445,98.0366591080877
1648.89779559118,98.0385487528345
1649.73947895792,98.0404383975813
1650.58116232465,98.042328042328
1651.42284569138,98.0442176870748
1652.26452905812,98.0442176870748
1653.10621242485,98.0442176870748
1653.94789579158,98.0442176870748
1654.78957915832,98.0461073318216
1655.63126252505,98.0479969765684
1656.47294589178,98.0498866213152
1657.31462925852,98.051776266062
1658.15631262525,98.0536659108087
1658.99799599198,98.0555555555555
1659.83967935872,98.0574452003023
1660.68136272545,98.0593348450491
1661.52304609218,98.0612244897959
1662.36472945892,98.0612244897959
1663.20641282565,98.0612244897959
1664.04809619238,98.0631141345427
1664.88977955912,98.0650037792895
1665.73146292585,98.0668934240363
1666.57314629259,98.0687830687831
1667.41482965932,98.0706727135299
1668.25651302605,98.0725623582767
1669.09819639279,98.0744520030234
1669.93987975952,98.0763416477702
1670.78156312625,98.078231292517
1671.62324649299,98.078231292517
1672.46492985972,98.078231292517
1673.30661322645,98.078231292517
1674.14829659319,98.0801209372638
1674.98997995992,98.0820105820106
1675.83166332665,98.0839002267574
1676.67334669339,98.0857898715041
1677.51503006012,98.0876795162509
1678.35671342685,98.0895691609977
1679.19839679359,98.0914588057445
1680.04008016032,98.0933484504913
1680.88176352705,98.0952380952381
1681.72344689379,98.0952380952381
1682.56513026052,98.0971277399849
1683.40681362725,98.0990173847317
1684.24849699399,98.1009070294784
1685.09018036072,98.1027966742252
1685.93186372745,98.104686318972
1686.77354709419,98.1065759637188
1687.61523046092,98.1084656084656
1688.45691382766,98.1103552532124
1689.29859719439,98.1122448979592
1690.14028056112,98.1122448979592
1690.98196392786,98.1122448979592
1691.82364729459,98.1122448979592
1692.66533066132,98.114134542706
1693.50701402806,98.1160241874528
1694.34869739479,98.1179138321995
1695.19038076152,98.1198034769463
1696.03206412826,98.1216931216931
1696.87374749499,98.1235827664399
1697.71543086172,98.1254724111867
1698.55711422846,98.1273620559335
1699.39879759519,98.1292517006803
1700.24048096192,98.1311413454271
1701.08216432866,98.1330309901739
1701.92384769539,98.1349206349206
1702.76553106212,98.1368102796674
1703.60721442886,98.1386999244142
1704.44889779559,98.140589569161
1705.29058116232,98.1424792139078
1706.13226452906,98.1443688586546
1706.97394789579,98.1462585034014
1707.81563126253,98.1462585034014
1708.65731462926,98.1481481481481
1709.49899799599,98.1500377928949
1710.34068136273,98.1519274376417
1711.18236472946,98.1538170823885
1712.02404809619,98.1557067271353
1712.86573146293,98.1575963718821
1713.70741482966,98.1594860166288
1714.54909819639,98.1613756613756
1715.39078156313,98.1632653061224
1716.23246492986,98.1651549508692
1717.07414829659,98.167044595616
1717.91583166333,98.1689342403628
1718.75751503006,98.1708238851096
1719.59919839679,98.1727135298564
1720.44088176353,98.1746031746032
1721.28256513026,98.17649281935
1722.12424849699,98.1802721088435
1722.96593186373,98.1840513983371
1723.80761523046,98.1859410430839
1724.64929859719,98.1878306878307
1725.49098196393,98.1897203325775
1726.33266533066,98.1916099773242
1727.17434869739,98.193499622071
1728.01603206413,98.1953892668178
1728.85771543086,98.1972789115646
1729.6993987976,98.1972789115646
1730.54108216433,98.1991685563114
1731.38276553106,98.2010582010582
1732.2244488978,98.202947845805
1733.06613226453,98.2048374905518
1733.90781563126,98.2067271352986
1734.749498998,98.2086167800454
1735.59118236473,98.2105064247922
1736.43286573146,98.2142857142857
1737.2745490982,98.2180650037793
1738.11623246493,98.2199546485261
1738.95791583166,98.2218442932729
1739.7995991984,98.2237339380196
1740.64128256513,98.2256235827664
1741.48296593186,98.2275132275132
1742.3246492986,98.22940287226
1743.16633266533,98.2312925170068
1744.00801603206,98.2331821617536
1744.8496993988,98.2350718065004
1745.69138276553,98.2369614512472
1746.53306613226,98.2388510959939
1747.374749499,98.2407407407407
1748.21643286573,98.2426303854875
1749.05811623246,98.2445200302343
1749.8997995992,98.2464096749811
1750.74148296593,98.2501889644747
1751.58316633267,98.2520786092215
1752.4248496994,98.2539682539683
1753.26653306613,98.255857898715
1754.10821643287,98.2577475434618
1754.9498997996,98.2596371882086
1755.79158316633,98.2615268329554
1756.63326653307,98.265306122449
1757.4749498998,98.2690854119426
1758.31663326653,98.2709750566893
1759.15831663327,98.2728647014361
1760,98.2747543461829
1760.84168336673,98.2766439909297
1761.68336673347,98.2785336356765
1762.5250501002,98.28231292517
1763.36673346693,98.2860922146636
1764.20841683367,98.2879818594104
1765.0501002004,98.2898715041572
1765.89178356713,98.291761148904
1766.73346693387,98.2936507936508
1767.5751503006,98.2955404383976
1768.41683366733,98.2993197278911
1769.25851703407,98.3030990173847
1770.1002004008,98.3049886621315
1770.94188376754,98.3068783068783
1771.78356713427,98.3087679516251
1772.625250501,98.3106575963719
1773.46693386774,98.3125472411187
1774.30861723447,98.3163265306123
1775.1503006012,98.3201058201058
1775.99198396794,98.3219954648526
1776.83366733467,98.3238851095994
1777.6753507014,98.3257747543462
1778.51703406814,98.327664399093
1779.35871743487,98.3295540438397
1780.2004008016,98.3333333333333
1781.04208416834,98.3371126228269
1781.88376753507,98.3390022675737
1782.7254509018,98.3408919123205
1783.56713426854,98.3427815570673
1784.40881763527,98.3465608465608
1785.250501002,98.3503401360544
1786.09218436874,98.354119425548
1786.93386773547,98.3578987150416
1787.7755511022,98.3597883597884
1788.61723446894,98.3616780045352
1789.45891783567,98.3635676492819
1790.3006012024,98.3673469387755
1791.14228456914,98.3711262282691
1791.98396793587,98.3730158730159
1792.82565130261,98.3749055177627
1793.66733466934,98.3767951625094
1794.50901803607,98.3786848072562
1795.35070140281,98.380574452003
1796.19238476954,98.3843537414966
1797.03406813627,98.3881330309902
1797.87575150301,98.390022675737
1798.71743486974,98.3919123204838
1799.55911823647,98.3938019652306
1800.40080160321,98.3975812547241
1801.24248496994,98.4013605442177
1802.08416833667,98.4051398337113
1802.92585170341,98.4089191232048
1803.76753507014,98.4108087679516
1804.60921843687,98.4126984126984
1805.45090180361,98.4145880574452
1806.29258517034,98.4183673469388
1807.13426853707,98.4221466364323
1807.97595190381,98.4240362811791
1808.81763527054,98.4259259259259
1809.65931863727,98.4278155706727
1810.50100200401,98.4315948601663
1811.34268537074,98.4353741496599
1812.18436873747,98.4391534391534
1813.02605210421,98.442932728647
1813.86773547094,98.4448223733938
1814.70941883768,98.4467120181406
1815.55110220441,98.4486016628874
1816.39278557114,98.4523809523809
1817.23446893788,98.4561602418745
1818.07615230461,98.4580498866213
1818.91783567134,98.4599395313681
1819.75951903808,98.4618291761149
1820.60120240481,98.4656084656085
1821.44288577154,98.469387755102
1822.28456913828,98.4731670445956
1823.12625250501,98.4769463340892
1823.96793587174,98.478835978836
1824.80961923848,98.4826152683296
1825.65130260521,98.4863945578231
1826.49298597194,98.4901738473167
1827.33466933868,98.4939531368103
1828.17635270541,98.4958427815571
1829.01803607214,98.4977324263039
1829.85971943888,98.4996220710507
1830.70140280561,98.5034013605442
1831.54308617234,98.5071806500378
1832.38476953908,98.5090702947846
1833.22645290581,98.5109599395314
1834.06813627255,98.5147392290249
1834.90981963928,98.5185185185185
1835.75150300601,98.5222978080121
1836.59318637275,98.5260770975056
1837.43486973948,98.5298563869992
1838.27655310621,98.5336356764928
1839.11823647295,98.5374149659864
1839.95991983968,98.54119425548
1840.80160320641,98.5449735449735
1841.64328657315,98.5468631897203
1842.48496993988,98.5487528344671
1843.32665330661,98.5506424792139
1844.16833667335,98.5544217687075
1845.01002004008,98.558201058201
1845.85170340681,98.5600907029478
1846.69338677355,98.5619803476946
1847.53507014028,98.5638699924414
1848.37675350701,98.567649281935
1849.21843687375,98.5714285714286
1850.06012024048,98.5752078609221
1850.90180360721,98.5789871504157
1851.74348697395,98.5808767951625
1852.58517034068,98.5846560846561
1853.42685370741,98.5884353741497
1854.26853707415,98.5922146636432
1855.11022044088,98.5959939531368
1855.95190380762,98.5978835978836
1856.79358717435,98.6016628873772
1857.63527054108,98.6054421768707
1858.47695390782,98.6092214663643
1859.31863727455,98.6130007558579
1860.16032064128,98.6167800453515
1861.00200400802,98.620559334845
1861.84368737475,98.6243386243386
1862.68537074148,98.6281179138322
1863.52705410822,98.6318972033258
1864.36873747495,98.6356764928194
1865.21042084168,98.6394557823129
1866.05210420842,98.6432350718065
1866.89378757515,98.6470143613001
1867.73547094188,98.6489040060468
1868.57715430862,98.6526832955404
1869.41883767535,98.656462585034
1870.26052104208,98.6602418745276
1871.10220440882,98.6640211640211
1871.94388777555,98.6659108087679
1872.78557114228,98.6696900982615
1873.62725450902,98.6734693877551
1874.46893787575,98.6772486772487
1875.31062124249,98.6810279667423
1876.15230460922,98.682917611489
1876.99398797595,98.6848072562358
1877.83567134269,98.6866969009826
1878.67735470942,98.6904761904762
1879.51903807615,98.6942554799698
1880.36072144289,98.6961451247166
1881.20240480962,98.6980347694633
1882.04408817635,98.7018140589569
1882.88577154309,98.7055933484505
1883.72745490982,98.7093726379441
1884.56913827655,98.7131519274377
1885.41082164329,98.7169312169312
1886.25250501002,98.7207105064248
1887.09418837675,98.7244897959184
1887.93587174349,98.728269085412
1888.77755511022,98.7320483749055
1889.61923847695,98.7339380196523
1890.46092184369,98.7377173091459
1891.30260521042,98.7414965986395
1892.14428857715,98.745275888133
1892.98597194389,98.7490551776266
1893.82765531062,98.7509448223734
1894.66933867735,98.7547241118669
1895.51102204409,98.7585034013605
1896.35270541082,98.7622826908541
1897.19438877756,98.7660619803477
1898.03607214429,98.7698412698413
1898.87775551102,98.7736205593348
1899.71943887776,98.7773998488284
1900.56112224449,98.781179138322
1901.40280561122,98.7849584278156
1902.24448897796,98.7887377173091
1903.08617234469,98.7925170068027
1903.92785571142,98.7962962962963
1904.76953907816,98.8000755857899
1905.61122244489,98.8019652305366
1906.45290581162,98.8057445200302
1907.29458917836,98.8095238095238
1908.13627254509,98.8133030990174
1908.97795591182,98.817082388511
1909.81963927856,98.8189720332578
1910.66132264529,98.8227513227513
1911.50300601202,98.8265306122449
1912.34468937876,98.8321995464852
1913.18637274549,98.8378684807256
1914.02805611222,98.8416477702192
1914.86973947896,98.8454270597127
1915.71142284569,98.8492063492063
1916.55310621242,98.8548752834467
1917.39478957916,98.8605442176871
1918.23647294589,98.8643235071807
1919.07815631263,98.8681027966742
1919.91983967936,98.869992441421
1920.76152304609,98.8737717309146
1921.60320641283,98.8775510204082
1922.44488977956,98.8813303099017
1923.28657314629,98.8851095993953
1924.12825651303,98.8888888888889
1924.96993987976,98.8926681783824
1925.81162324649,98.896447467876
1926.65330661323,98.9002267573696
1927.49498997996,98.9040060468632
1928.33667334669,98.9077853363568
1929.17835671343,98.9115646258503
1930.02004008016,98.9153439153439
1930.86172344689,98.9191232048375
1931.70340681363,98.9210128495843
1932.54509018036,98.9247921390779
1933.38677354709,98.9285714285714
1934.22845691383,98.932350718065
1935.07014028056,98.9361300075586
1935.91182364729,98.9380196523054
1936.75350701403,98.9417989417989
1937.59519038076,98.9455782312925
1938.43687374749,98.9493575207861
1939.27855711423,98.9531368102797
1940.12024048096,98.9569160997733
1940.9619238477,98.9606953892668
1941.80360721443,98.9644746787604
1942.64529058116,98.968253968254
1943.4869739479,98.9720332577475
1944.32865731463,98.9758125472411
1945.17034068136,98.9795918367347
1946.0120240481,98.9833711262282
1946.85370741483,98.9871504157218
1947.69539078156,98.9890400604686
1948.5370741483,98.9928193499622
1949.37875751503,98.9965986394558
1950.22044088176,99.0003779289494
1951.0621242485,99.0041572184429
1951.90380761523,99.0060468631897
1952.74549098196,99.0098261526833
1953.5871743487,99.0136054421769
1954.42885771543,99.0173847316704
1955.27054108216,99.021164021164
1956.1122244489,99.0249433106576
1956.95390781563,99.0287226001512
1957.79559118236,99.0325018896447
1958.6372745491,99.0362811791383
1959.47895791583,99.0400604686319
1960.32064128257,99.0438397581255
1961.1623246493,99.0476190476191
1962.00400801603,99.0513983371126
1962.84569138277,99.0551776266062
1963.6873747495,99.057067271353
1964.52905811623,99.0608465608466
1965.37074148297,99.0646258503401
1966.2124248497,99.0684051398337
1967.05410821643,99.0721844293273
1967.89579158317,99.0740740740741
1968.7374749499,99.0778533635676
1969.57915831663,99.0816326530612
1970.42084168337,99.0854119425548
1971.2625250501,99.0891912320484
1972.10420841683,99.092970521542
1972.94589178357,99.0967498110355
1973.7875751503,99.1005291005291
1974.62925851703,99.1043083900227
1975.47094188377,99.1080876795163
1976.3126252505,99.1118669690098
1977.15430861723,99.1156462585034
1977.99599198397,99.119425547997
1978.8376753507,99.1232048374905
1979.67935871743,99.1250944822373
1980.52104208417,99.1288737717309
1981.3627254509,99.1326530612245
1982.20440881764,99.1364323507181
1983.04609218437,99.1402116402116
1983.8877755511,99.1421012849584
1984.72945891784,99.145880574452
1985.57114228457,99.1496598639456
1986.4128256513,99.1534391534392
1987.25450901804,99.1572184429327
1988.09619238477,99.1609977324263
1988.9378757515,99.1647770219199
1989.77955911824,99.1685563114134
1990.62124248497,99.172335600907
1991.4629258517,99.1761148904006
1992.30460921844,99.1798941798942
1993.14629258517,99.1836734693877
1993.9879759519,99.1874527588813
1994.82965931864,99.1912320483749
1995.67134268537,99.1931216931217
1996.5130260521,99.1969009826153
1997.35470941884,99.2006802721088
1998.19639278557,99.2044595616024
1999.0380761523,99.208238851096
1999.87975951904,99.2101284958428
2000.72144288577,99.2139077853363
2001.56312625251,99.2176870748299
2002.40480961924,99.2214663643235
2003.24649298597,99.2252456538171
2004.08817635271,99.2290249433106
2004.92985971944,99.2328042328042
2005.77154308617,99.2365835222978
2006.61322645291,99.2403628117914
2007.45490981964,99.244142101285
2008.29659318637,99.2479213907785
2009.13827655311,99.2517006802721
2009.97995991984,99.2554799697657
2010.82164328657,99.2592592592593
2011.66332665331,99.261148904006
2012.50501002004,99.2630385487528
2013.34669338677,99.2649281934996
2014.18837675351,99.2687074829932
2015.03006012024,99.2724867724868
2015.87174348697,99.2743764172335
2016.71342685371,99.2762660619803
2017.55511022044,99.2781557067271
2018.39679358717,99.2819349962207
2019.23847695391,99.2857142857143
2020.08016032064,99.2894935752079
2020.92184368737,99.2932728647014
2021.76352705411,99.2951625094482
2022.60521042084,99.2989417989418
2023.44689378758,99.3027210884354
2024.28857715431,99.3065003779289
2025.13026052104,99.3102796674225
2025.97194388778,99.3140589569161
2026.81362725451,99.3178382464097
2027.65531062124,99.3216175359033
2028.49699398798,99.3253968253968
2029.33867735471,99.3291761148904
2030.18036072144,99.3310657596372
2031.02204408818,99.332955404384
2031.86372745491,99.3348450491308
2032.70541082164,99.3386243386244
2033.54709418838,99.3405139833711
2034.38877755511,99.3424036281179
2035.23046092184,99.3442932728647
2036.07214428858,99.3480725623583
2036.91382765531,99.3518518518518
2037.75551102204,99.3556311413454
2038.59719438878,99.359410430839
2039.43887775551,99.3631897203326
2040.28056112224,99.3650793650793
2041.12224448898,99.3669690098261
2041.96392785571,99.3707482993197
2042.80561122244,99.3745275888133
2043.64729458918,99.3764172335601
2044.48897795591,99.3783068783069
2045.33066132265,99.3801965230537
2046.17234468938,99.3839758125472
2047.01402805611,99.3877551020408
2047.85571142285,99.3915343915344
2048.69739478958,99.395313681028
2049.53907815631,99.3972033257747
2050.38076152305,99.3990929705215
2051.22244488978,99.4009826152683
2052.06412825651,99.4047619047619
2052.90581162325,99.4085411942555
2053.74749498998,99.4104308390022
2054.58917835671,99.412320483749
2055.43086172345,99.4142101284958
2056.27254509018,99.4179894179894
2057.11422845691,99.421768707483
2057.95591182365,99.4255479969766
2058.79759519038,99.4293272864702
2059.63927855711,99.4312169312169
2060.48096192385,99.4331065759637
2061.32264529058,99.4349962207105
2062.16432865731,99.4387755102041
2063.00601202405,99.4425547996977
2063.84769539078,99.4444444444444
2064.68937875751,99.4463340891912
2065.53106212425,99.448223733938
2066.37274549098,99.4501133786848
2067.21442885772,99.4520030234316
2068.05611222445,99.4557823129252
2068.89779559118,99.4595616024187
2069.73947895792,99.4614512471655
2070.58116232465,99.4633408919123
2071.42284569138,99.4652305366591
2072.26452905812,99.4671201814059
2073.10621242485,99.4690098261527
2073.94789579158,99.4727891156463
2074.78957915832,99.4765684051398
2075.63126252505,99.4784580498866
2076.47294589178,99.4803476946334
2077.31462925852,99.4822373393802
2078.15631262525,99.484126984127
2078.99799599198,99.4860166288738
2079.83967935872,99.4879062736206
2080.68136272545,99.4916855631141
2081.52304609218,99.4935752078609
2082.36472945892,99.4954648526077
2083.20641282565,99.4973544973545
2084.04809619238,99.4992441421013
2084.88977955912,99.5011337868481
2085.73146292585,99.5030234315948
2086.57314629259,99.5049130763416
2087.41482965932,99.5068027210884
2088.25651302605,99.5086923658352
2089.09819639279,99.510582010582
2089.93987975952,99.5124716553288
2090.78156312625,99.5143613000756
2091.62324649299,99.5162509448224
2092.46492985972,99.5181405895692
2093.30661322645,99.520030234316
2094.14829659319,99.5238095238095
2094.98997995992,99.5275888133031
2095.83166332665,99.5294784580499
2096.67334669339,99.5313681027967
2097.51503006012,99.5332577475435
2098.35671342685,99.5351473922903
2099.19839679359,99.537037037037
2100.04008016032,99.5389266817838
2100.88176352705,99.5408163265306
2101.72344689379,99.5408163265306
2102.56513026052,99.5427059712774
2103.40681362725,99.5445956160242
2104.24849699399,99.546485260771
2105.09018036072,99.5483749055177
2105.93186372745,99.5502645502645
2106.77354709419,99.5521541950113
2107.61523046092,99.5540438397581
2108.45691382766,99.5559334845049
2109.29859719439,99.5578231292517
2110.14028056112,99.5578231292517
2110.98196392786,99.5578231292517
2111.82364729459,99.5578231292517
2112.66533066132,99.5597127739985
2113.50701402806,99.5616024187453
2114.34869739479,99.5634920634921
2115.19038076152,99.5653817082389
2116.03206412826,99.5672713529856
2116.87374749499,99.5691609977324
2117.71543086172,99.5710506424792
2118.55711422846,99.572940287226
2119.39879759519,99.5748299319728
2120.24048096192,99.5748299319728
2121.08216432866,99.5748299319728
2121.92384769539,99.5767195767196
2122.76553106212,99.5786092214664
2123.60721442886,99.5804988662131
2124.44889779559,99.5823885109599
2125.29058116232,99.5842781557067
2126.13226452906,99.5861678004535
2126.97394789579,99.5880574452003
2127.81563126253,99.5899470899471
2128.65731462926,99.5918367346939
2129.49899799599,99.5918367346939
2130.34068136273,99.5918367346939
2131.18236472946,99.5918367346939
2132.02404809619,99.5918367346939
2132.86573146293,99.5918367346939
2133.70741482966,99.5918367346939
2134.54909819639,99.5937263794407
2135.39078156313,99.5956160241874
2136.23246492986,99.5975056689342
2137.07414829659,99.599395313681
2137.91583166333,99.6012849584278
2138.75751503006,99.6031746031746
2139.59919839679,99.6050642479214
2140.44088176353,99.6069538926682
2141.28256513026,99.6088435374149
2142.12424849699,99.6088435374149
2142.96593186373,99.6088435374149
2143.80761523046,99.6088435374149
2144.64929859719,99.6088435374149
2145.49098196393,99.6088435374149
2146.33266533066,99.6088435374149
2147.17434869739,99.6088435374149
2148.01603206413,99.6088435374149
2148.85771543086,99.6088435374149
2149.6993987976,99.6088435374149
2150.54108216433,99.6088435374149
2151.38276553106,99.6088435374149
2152.2244488978,99.6088435374149
2153.06613226453,99.6088435374149
2153.90781563126,99.6088435374149
2154.749498998,99.6088435374149
2155.59118236473,99.6088435374149
2156.43286573146,99.6088435374149
2157.2745490982,99.6088435374149
2158.11623246493,99.6107331821617
2158.95791583166,99.6126228269085
2159.7995991984,99.6145124716553
2160.64128256513,99.6164021164021
2161.48296593186,99.6182917611489
2162.3246492986,99.6201814058957
2163.16633266533,99.6220710506425
2164.00801603206,99.6239606953893
2164.8496993988,99.6258503401361
2165.69138276553,99.6258503401361
2166.53306613226,99.6258503401361
2167.374749499,99.6258503401361
2168.21643286573,99.6258503401361
2169.05811623247,99.6258503401361
2169.8997995992,99.6258503401361
2170.74148296593,99.6258503401361
2171.58316633267,99.6258503401361
2172.4248496994,99.6258503401361
2173.26653306613,99.6258503401361
2174.10821643287,99.6258503401361
2174.9498997996,99.6258503401361
2175.79158316633,99.6258503401361
2176.63326653307,99.6258503401361
2177.4749498998,99.6258503401361
2178.31663326653,99.6239606953893
2179.15831663327,99.6220710506425
2180,99.6201814058957
2180.84168336673,99.6182917611489
2181.68336673347,99.6164021164021
2182.5250501002,99.6145124716553
2183.36673346693,99.6126228269085
2184.20841683367,99.6107331821617
2185.0501002004,99.6088435374149
2185.89178356713,99.6088435374149
2186.73346693387,99.6088435374149
2187.5751503006,99.6088435374149
2188.41683366733,99.6088435374149
2189.25851703407,99.6088435374149
2190.1002004008,99.6088435374149
2190.94188376753,99.6088435374149
2191.78356713427,99.6088435374149
2192.625250501,99.6088435374149
2193.46693386774,99.6088435374149
2194.30861723447,99.6088435374149
2195.1503006012,99.6088435374149
2195.99198396794,99.6088435374149
2196.83366733467,99.6088435374149
2197.6753507014,99.6088435374149
2198.51703406814,99.6088435374149
2199.35871743487,99.6088435374149
2200.2004008016,99.6069538926682
2201.04208416834,99.6050642479214
2201.88376753507,99.6031746031746
2202.7254509018,99.6012849584278
2203.56713426854,99.599395313681
2204.40881763527,99.5975056689342
2205.250501002,99.5956160241874
2206.09218436874,99.5937263794407
2206.93386773547,99.5918367346939
2207.7755511022,99.5918367346939
2208.61723446894,99.5918367346939
2209.45891783567,99.5918367346939
2210.3006012024,99.5918367346939
2211.14228456914,99.5918367346939
2211.98396793587,99.5918367346939
2212.82565130261,99.5899470899471
2213.66733466934,99.5880574452003
2214.50901803607,99.5861678004535
2215.35070140281,99.5842781557067
2216.19238476954,99.58238851096
2217.03406813627,99.5804988662132
2217.87575150301,99.5786092214664
2218.71743486974,99.5767195767196
2219.55911823647,99.5748299319728
2220.40080160321,99.5748299319728
2221.24248496994,99.5748299319728
2222.08416833667,99.5748299319728
2222.92585170341,99.572940287226
2223.76753507014,99.5710506424792
2224.60921843687,99.5691609977324
2225.45090180361,99.5672713529856
2226.29258517034,99.5653817082388
2227.13426853707,99.563492063492
2227.97595190381,99.5616024187453
2228.81763527054,99.5597127739985
2229.65931863727,99.5578231292517
2230.50100200401,99.5559334845049
2231.34268537074,99.5540438397581
2232.18436873747,99.5521541950113
2233.02605210421,99.5502645502645
2233.86773547094,99.5483749055178
2234.70941883768,99.546485260771
2235.55110220441,99.5445956160242
2236.39278557114,99.5408163265306
2237.23446893788,99.537037037037
2238.07615230461,99.5351473922903
2238.91783567134,99.5332577475435
2239.75951903808,99.5313681027967
2240.60120240481,99.5294784580499
2241.44288577154,99.5275888133031
2242.28456913828,99.5238095238095
2243.12625250501,99.5200302343159
2243.96793587174,99.5181405895691
2244.80961923848,99.5162509448224
2245.65130260521,99.5143613000756
2246.49298597194,99.5124716553288
2247.33466933868,99.510582010582
2248.17635270541,99.5068027210884
2249.01803607214,99.5030234315949
2249.85971943888,99.5011337868481
2250.70140280561,99.4992441421013
2251.54308617234,99.4973544973545
2252.38476953908,99.4954648526077
2253.22645290581,99.4935752078609
2254.06813627255,99.4916855631141
2254.90981963928,99.4879062736206
2255.75150300601,99.4860166288738
2256.59318637275,99.484126984127
2257.43486973948,99.4822373393802
2258.27655310621,99.4784580498866
2259.11823647295,99.474678760393
2259.95991983968,99.4708994708995
2260.80160320641,99.4671201814059
2261.64328657315,99.4633408919123
2262.48496993988,99.4614512471655
2263.32665330661,99.4595616024187
2264.16833667335,99.4557823129252
2265.01002004008,99.4520030234316
2265.85170340681,99.4501133786848
2266.69338677355,99.448223733938
2267.53507014028,99.4463340891912
2268.37675350701,99.4425547996977
2269.21843687375,99.4387755102041
2270.06012024048,99.4349962207105
2270.90180360721,99.4312169312169
2271.74348697395,99.4293272864701
2272.58517034068,99.4255479969765
2273.42685370741,99.421768707483
2274.26853707415,99.4179894179894
2275.11022044088,99.4142101284958
2275.95190380762,99.4123204837491
2276.79358717435,99.4085411942555
2277.63527054108,99.4047619047619
2278.47695390782,99.4009826152683
2279.31863727455,99.3972033257748
2280.16032064128,99.3934240362812
2281.00200400802,99.3896447467876
2281.84368737475,99.385865457294
2282.68537074148,99.3820861678004
2283.52705410822,99.3783068783069
2284.36873747495,99.3745275888133
2285.21042084168,99.3707482993197
2286.05210420842,99.3669690098261
2286.89378757515,99.3631897203326
2287.73547094188,99.3613000755858
2288.57715430862,99.3575207860922
2289.41883767535,99.3537414965986
2290.26052104208,99.3499622071051
2291.10220440882,99.3461829176115
2291.94388777555,99.3424036281179
2292.78557114228,99.3386243386243
2293.62725450902,99.3348450491307
2294.46893787575,99.3291761148904
2295.31062124249,99.32350718065
2296.15230460922,99.3197278911565
2296.99398797595,99.3159486016629
2297.83567134269,99.3121693121693
2298.67735470942,99.3065003779289
2299.51903807615,99.3027210884354
2300.36072144289,99.2989417989418
2301.20240480962,99.2951625094482
2302.04408817635,99.2913832199546
2302.88577154309,99.2876039304611
2303.72745490982,99.2838246409675
2304.56913827655,99.2781557067271
2305.41082164329,99.2724867724868
2306.25250501002,99.2687074829932
2307.09418837675,99.2649281934996
2307.93587174349,99.2592592592593
2308.77755511022,99.2535903250189
2309.61923847695,99.2498110355253
2310.46092184369,99.244142101285
2311.30260521042,99.2384731670446
2312.14428857715,99.234693877551
2312.98597194389,99.2309145880574
2313.82765531062,99.2252456538171
2314.66933867735,99.2195767195767
2315.51102204409,99.2157974300832
2316.35270541082,99.2101284958428
2317.19438877756,99.2044595616024
2318.03607214429,99.2006802721088
2318.87775551102,99.1950113378685
2319.71943887776,99.1893424036281
2320.56112224449,99.1836734693877
2321.40280561122,99.1798941798942
2322.24448897796,99.1742252456538
2323.08617234469,99.1685563114135
2323.92785571142,99.1628873771731
2324.76953907816,99.1572184429327
2325.61122244489,99.1515495086924
2326.45290581162,99.145880574452
2327.29458917836,99.1402116402116
2328.13627254509,99.1345427059713
2328.97795591182,99.1288737717309
2329.81963927856,99.1232048374905
2330.66132264529,99.1175359032502
2331.50300601202,99.1137566137566
2332.34468937876,99.1080876795163
2333.18637274549,99.1024187452759
2334.02805611222,99.0986394557823
2334.86973947896,99.0929705215419
2335.71142284569,99.0873015873016
2336.55310621242,99.0816326530612
2337.39478957916,99.0778533635677
2338.23647294589,99.0721844293273
2339.07815631263,99.0665154950869
2339.91983967936,99.0608465608466
2340.76152304609,99.0551776266062
2341.60320641283,99.0476190476191
2342.44488977956,99.0419501133787
2343.28657314629,99.0362811791383
2344.12825651303,99.0287226001512
2344.96993987976,99.021164021164
2345.81162324649,99.0136054421769
2346.65330661323,99.0060468631897
2347.49498997996,99.0003779289493
2348.33667334669,98.9928193499622
2349.17835671343,98.9871504157219
2350.02004008016,98.9814814814815
2350.86172344689,98.9758125472411
2351.70340681363,98.9701436130008
2352.54509018036,98.9644746787604
2353.38677354709,98.9606953892668
2354.22845691383,98.9550264550264
2355.07014028056,98.9493575207861
2355.91182364729,98.9436885865457
2356.75350701403,98.9380196523053
2357.59519038076,98.9304610733182
2358.4368737475,98.9229024943311
2359.27855711423,98.9172335600907
2360.12024048096,98.9096749811035
2360.9619238477,98.9021164021164
2361.80360721443,98.8945578231292
2362.64529058116,98.8869992441421
2363.4869739479,98.8813303099017
2364.32865731463,98.8737717309146
2365.17034068136,98.8681027966742
2366.0120240481,98.8605442176871
2366.85370741483,98.8529856386999
2367.69539078156,98.8454270597128
2368.5370741483,98.8378684807256
2369.37875751503,98.8321995464852
2370.22044088176,98.8246409674981
2371.0621242485,98.817082388511
2371.90380761523,98.8095238095238
2372.74549098196,98.8019652305367
2373.5871743487,98.7944066515495
2374.42885771543,98.7868480725623
2375.27054108216,98.781179138322
2376.1122244489,98.7736205593348
2376.95390781563,98.7660619803477
2377.79559118236,98.7585034013605
2378.6372745491,98.7509448223734
2379.47895791583,98.745275888133
2380.32064128256,98.7377173091459
2381.1623246493,98.7320483749055
2382.00400801603,98.7244897959184
2382.84569138277,98.7169312169312
2383.6873747495,98.7093726379441
2384.52905811623,98.7018140589569
2385.37074148297,98.6961451247165
2386.2124248497,98.6885865457294
2387.05410821643,98.6810279667422
2387.89579158317,98.6734693877551
2388.7374749499,98.665910808768
2389.57915831663,98.6583522297808
2390.42084168337,98.6507936507936
2391.2625250501,98.6451247165533
2392.10420841683,98.6375661375661
2392.94589178357,98.630007558579
2393.7875751503,98.6224489795918
2394.62925851703,98.6130007558579
2395.47094188377,98.6054421768707
2396.3126252505,98.5959939531368
2397.15430861723,98.5884353741497
2397.99599198397,98.5789871504157
2398.8376753507,98.5695389266818
2399.67935871744,98.5600907029478
2400.52104208417,98.5506424792139
2401.3627254509,98.5430839002267
2402.20440881764,98.5355253212396
2403.04609218437,98.5279667422525
2403.8877755511,98.5204081632653
2404.72945891784,98.5128495842781
2405.57114228457,98.505291005291
2406.4128256513,98.4958427815571
2407.25450901804,98.4882842025699
2408.09619238477,98.478835978836
2408.9378757515,98.469387755102
2409.77955911824,98.4599395313681
2410.62124248497,98.4504913076342
2411.4629258517,98.442932728647
2412.30460921844,98.4334845049131
2413.14629258517,98.4259259259259
2413.9879759519,98.4183673469388
2414.82965931864,98.4108087679516
2415.67134268537,98.4032501889645
2416.5130260521,98.3938019652305
2417.35470941884,98.3862433862434
2418.19639278557,98.3767951625094
2419.0380761523,98.3673469387755
2419.87975951904,98.3578987150416
2420.72144288577,98.3484504913076
2421.5631262525,98.3390022675737
2422.40480961924,98.3295540438397
2423.24649298597,98.3201058201058
2424.08817635271,98.3106575963719
2424.92985971944,98.301209372638
2425.77154308617,98.291761148904
2426.61322645291,98.2823129251701
2427.45490981964,98.2747543461829
2428.29659318637,98.265306122449
2429.13827655311,98.2577475434618
2429.97995991984,98.2482993197279
2430.82164328657,98.238851095994
2431.66332665331,98.22940287226
2432.50501002004,98.2199546485261
2433.34669338677,98.2123960695389
2434.18837675351,98.202947845805
2435.03006012024,98.193499622071
2435.87174348697,98.1840513983371
2436.71342685371,98.1727135298564
2437.55511022044,98.1613756613757
2438.39679358717,98.1519274376417
2439.23847695391,98.1443688586545
2440.08016032064,98.1349206349206
2440.92184368737,98.1254724111867
2441.76352705411,98.1160241874528
2442.60521042084,98.104686318972
2443.44689378758,98.0952380952381
2444.28857715431,98.0857898715041
2445.13026052104,98.078231292517
2445.97194388778,98.0687830687831
2446.81362725451,98.0593348450491
2447.65531062124,98.0498866213152
2448.49699398798,98.0385487528345
2449.33867735471,98.0291005291005
2450.18036072144,98.0196523053666
2451.02204408818,98.0102040816327
2451.86372745491,98.0007558578987
2452.70541082164,97.989417989418
2453.54709418838,97.9780801209372
2454.38877755511,97.9667422524565
2455.23046092184,97.9572940287226
2456.07214428858,97.9478458049886
2456.91382765531,97.9383975812547
2457.75551102204,97.9289493575208
2458.59719438878,97.9176114890401
2459.43887775551,97.9081632653061
2460.28056112224,97.8987150415722
2461.12224448898,97.891156462585
2461.96392785571,97.8817082388511
2462.80561122244,97.8703703703704
2463.64729458918,97.8590325018896
2464.48897795591,97.8476946334089
2465.33066132265,97.8363567649282
2466.17234468938,97.8250188964474
2467.01402805611,97.8136810279667
2467.85571142285,97.802343159486
2468.69739478958,97.7910052910053
2469.53907815631,97.7796674225246
2470.38076152305,97.7683295540438
2471.22244488978,97.7588813303099
2472.06412825651,97.7475434618292
2472.90581162325,97.7380952380953
2473.74749498998,97.7286470143613
2474.58917835671,97.7173091458806
2475.43086172345,97.7078609221466
2476.27254509018,97.6965230536659
2477.11422845691,97.687074829932
2477.95591182365,97.677626606198
2478.79759519038,97.6662887377173
2479.63927855711,97.6549508692366
2480.48096192385,97.6436130007559
2481.32264529058,97.6322751322751
2482.16432865731,97.6209372637944
2483.00601202405,97.6095993953137
2483.84769539078,97.598261526833
2484.68937875751,97.5850340136054
2485.53106212425,97.5718065003779
2486.37274549098,97.5604686318972
2487.21442885772,97.5491307634165
2488.05611222445,97.535903250189
2488.89779559118,97.5245653817082
2489.73947895792,97.5132275132275
2490.58116232465,97.5018896447468
2491.42284569138,97.4905517762661
2492.26452905812,97.4792139077853
2493.10621242485,97.4697656840514
2493.94789579158,97.4584278155707
2494.78957915832,97.4470899470899
2495.63126252505,97.4357520786092
2496.47294589178,97.4244142101285
2497.31462925852,97.4130763416478
2498.15631262525,97.3998488284202
2498.99799599198,97.3885109599395
2499.83967935872,97.3771730914588
2500.68136272545,97.3658352229781
2501.52304609218,97.3544973544974
2502.36472945892,97.3431594860166
2503.20641282565,97.3318216175359
2504.04809619238,97.3185941043084
2504.88977955912,97.3072562358277
2505.73146292585,97.2959183673469
2506.57314629259,97.2845804988662
2507.41482965932,97.2732426303855
2508.25651302605,97.260015117158
2509.09819639279,97.2486772486772
2509.93987975952,97.2373393801965
2510.78156312625,97.2260015117158
2511.62324649299,97.2146636432351
2512.46492985972,97.2033257747543
2513.30661322645,97.1919879062736
2514.14829659319,97.1787603930461
2514.98997995992,97.1674225245654
2515.83166332665,97.1560846560846
2516.67334669339,97.1428571428571
2517.51503006012,97.1296296296296
2518.35671342685,97.1164021164021
2519.19839679359,97.1031746031746
2520.04008016032,97.0899470899471
2520.88176352705,97.0786092214663
2521.72344689379,97.0672713529856
2522.56513026052,97.0540438397581
2523.40681362725,97.0408163265306
2524.24849699399,97.0275888133031
2525.09018036072,97.0162509448224
2525.93186372745,97.0049130763416
2526.77354709419,96.9935752078609
2527.61523046092,96.9803476946334
2528.45691382766,96.9671201814059
2529.29859719439,96.9538926681784
2530.14028056112,96.9406651549509
2530.98196392786,96.9293272864701
2531.82364729459,96.9179894179894
2532.66533066132,96.9047619047619
2533.50701402806,96.8915343915344
2534.34869739479,96.8783068783069
2535.19038076152,96.8650793650794
2536.03206412826,96.8499622071051
2536.87374749499,96.8367346938775
2537.71543086172,96.82350718065
2538.55711422846,96.8102796674225
2539.39879759519,96.797052154195
2540.24048096192,96.7838246409675
2541.08216432866,96.7724867724868
2541.92384769539,96.761148904006
2542.76553106212,96.7498110355253
2543.60721442886,96.7384731670446
2544.44889779559,96.7252456538171
2545.29058116232,96.7120181405896
2546.13226452906,96.6969009826152
2546.97394789579,96.6836734693878
2547.81563126253,96.6704459561602
2548.65731462926,96.6553287981859
2549.49899799599,96.6402116402116
2550.34068136273,96.6269841269841
2551.18236472946,96.6137566137566
2552.02404809619,96.6005291005291
2552.86573146293,96.5891912320484
2553.70741482966,96.5778533635676
2554.54909819639,96.5646258503401
2555.39078156313,96.5513983371126
2556.23246492986,96.5381708238851
2557.07414829659,96.5268329554044
2557.91583166333,96.5136054421769
2558.75751503006,96.5003779289494
2559.59919839679,96.4871504157218
2560.44088176353,96.4720332577475
2561.28256513026,96.4569160997732
2562.12424849699,96.4417989417989
2562.96593186373,96.4285714285714
2563.80761523046,96.4153439153439
2564.64929859719,96.4002267573696
2565.49098196393,96.3851095993953
2566.33266533066,96.369992441421
2567.17434869739,96.3548752834467
2568.01603206413,96.3397581254724
2568.85771543086,96.3265306122449
2569.6993987976,96.3133030990174
2570.54108216433,96.2981859410431
2571.38276553106,96.2830687830688
2572.2244488978,96.2679516250945
2573.06613226453,96.254724111867
2573.90781563126,96.2414965986395
2574.749498998,96.2301587301587
2575.59118236473,96.218820861678
2576.43286573146,96.2055933484505
2577.2745490982,96.192365835223
2578.11623246493,96.1791383219955
2578.95791583166,96.1678004535147
2579.7995991984,96.156462585034
2580.64128256513,96.1432350718065
2581.48296593186,96.130007558579
2582.3246492986,96.1148904006047
2583.16633266533,96.0997732426304
2584.00801603206,96.0846560846561
2584.8496993988,96.0714285714286
2585.69138276553,96.058201058201
2586.53306613226,96.0430839002267
2587.374749499,96.0279667422525
2588.21643286573,96.0128495842781
2589.05811623246,95.9996220710506
2589.8997995992,95.9863945578231
2590.74148296593,95.9731670445956
2591.58316633267,95.9599395313681
2592.4248496994,95.9448223733938
2593.26653306613,95.9297052154195
2594.10821643287,95.9145880574452
2594.9498997996,95.8994708994709
2595.79158316633,95.8843537414966
2596.63326653307,95.8692365835223
2597.4749498998,95.8560090702948
2598.31663326653,95.8465608465608
2599.15831663327,95.8408919123205
2600,95.8309037900875
2600.84168336673,95.8265306122449
2601.68336673347,95.8333333333333
2602.5250501002,95.8503401360544
