separation_lambda_over_D,coupling_efficiency
0,9.85969240872292e-07
0.005,1.78046276816551e-05
0.01,6.82557846613556e-05
0.015,0.000152324986797582
0.02,0.000269988150607478
0.025,0.000421211570733685
0.03,0.000605951931463932
0.035,0.000824156321524308
0.04,0.0010757622521534
0.045,0.0013606976784482
0.05,0.00167888102396136
0.055,0.00203022120855849
0.06,0.00241461767950941
0.065,0.00283196044581145
0.07,0.00328213011571746
0.075,0.00376499793747016
0.08,0.00428042584321001
0.085,0.00482826649606532
0.09,0.00540836334035675
0.095,0.00602055065496673
0.1,0.00666465360977583
0.105,0.00734048832519535
0.11,0.0080478619347822
0.115,0.00878657265082949
0.12,0.00955640983302708
0.125,0.0103571540600571
0.13,0.0111885772041577
0.135,0.0120504425085994
0.14,0.012942504668078
0.145,0.0138645099119109
0.15,0.0148161960901134
0.155,0.0157972927622587
0.16,0.0168075212890386
0.165,0.0178465949266058
0.17,0.0189142189235785
0.175,0.0200100906206846
0.18,0.0211338995529846
0.185,0.0222853275547038
0.19,0.0234640488665667
0.195,0.024669730245581
0.2,0.0259020310773017
0.205,0.0271606034904681
0.21,0.0284450924739526
0.215,0.029755135996084
0.22,0.0310903651261729
0.225,0.0324504041581828
0.23,0.0338348707367076
0.235,0.0352433759849382
0.24,0.0366755246346862
0.245,0.0381309151584603
0.25,0.0396091399034731
0.255,0.0411097852275608
0.26,0.0426324316369471
0.265,0.0441766539257183
0.27,0.0457420213172306
0.275,0.0473280976069393
0.28,0.0489344413071088
0.285,0.0505606057929368
0.29,0.0522061394501807
0.295,0.0538705858243782
0.3,0.0555534837713439
0.305,0.0572543676089959
0.31,0.0589727672706113
0.315,0.060708208459083
0.32,0.0624602128025409
0.325,0.0642282980109566
0.33,0.0660119780338214
0.335,0.0678107632188102
0.34,0.0696241604713479
0.345,0.0714516734150843
0.35,0.0732928025530485
0.355,0.0751470454296911
0.36,0.0770138967935139
0.365,0.0788928487602788
0.37,0.0807833909768352
0.375,0.0826850107854119
0.38,0.0845971933883224
0.385,0.086519422012996
0.39,0.0884511780774028
0.395,0.090391941355641
0.4,0.0923411901436985
0.405,0.0942984014254087
0.41,0.0962630510382155
0.415,0.0982346138393821
0.42,0.100212563871586
0.425,0.102196374528782
0.43,0.104185518721631
0.435,0.106179469042878
0.44,0.1081776979321
0.445,0.110179677840533
0.45,0.112184881394876
0.455,0.114192781561115
0.46,0.116202851807507
0.465,0.118214566267056
0.47,0.120227399899099
0.475,0.122240828650465
0.48,0.124254329615615
0.485,0.12626738119598
0.49,0.128279463258499
0.495,0.130290057292906
0.5,0.132298646568223
0.505,0.134304716288219
0.51,0.136307753745484
0.515,0.138307248474563
0.52,0.140302692403612
0.525,0.142293580004914
0.53,0.144279408444115
0.535,0.146259677727764
0.54,0.148233890849615
0.545,0.150201553935495
0.55,0.152162176386331
0.555,0.154115271019948
0.56,0.156060354210721
0.565,0.157996946028178
0.57,0.159924570373182
0.575,0.161842755112721
0.58,0.163751032212866
0.585,0.165648937869639
0.59,0.167536012638105
0.595,0.169411801559525
0.6,0.171275854286314
0.605,0.173127725205194
0.61,0.174966973558069
0.615,0.176793163560841
0.62,0.178605864520104
0.625,0.180404650947736
0.63,0.182189102672721
0.635,0.183958804951656
0.64,0.185713348575991
0.645,0.187452329977444
0.65,0.189175351331178
0.655,0.190882020656049
0.66,0.192571951912932
0.665,0.194244765100371
0.67,0.195900086347868
0.675,0.197537548006428
0.68,0.199156788736804
0.685,0.20075745359528
0.69,0.202339194116387
0.695,0.20390166839376
0.7,0.205444541157666
0.705,0.206967483850326
0.71,0.20847017469854
0.715,0.209952298783491
0.72,0.211413548107903
0.725,0.212853621660757
0.73,0.214272225478756
0.735,0.215669072705718
0.74,0.217043883648797
0.745,0.218396385831914
0.75,0.219726314046924
0.755,0.221033410401443
0.76,0.222317424364233
0.765,0.223578112807798
0.77,0.22481524004815
0.775,0.226028577881797
0.78,0.227217905619919
0.785,0.228383010119855
0.79,0.229523685813894
0.795,0.230639734734796
0.8,0.231730966539399
0.805,0.232797198528519
0.81,0.233838255665009
0.815,0.234853970587991
0.82,0.235844183625517
0.825,0.236808742803521
0.83,0.237747503852763
0.835,0.238660330212319
0.84,0.239547093031181
0.845,0.240407671166355
0.85,0.241241951179085
0.855,0.242049827327574
0.86,0.242831201557836
0.865,0.243585983491303
0.87,0.244314090410266
0.875,0.245015447240473
0.88,0.24568998653106
0.885,0.24633764843228
0.89,0.246958380670447
0.895,0.247552138520323
0.9,0.248118884775196
0.905,0.248658589714611
0.91,0.249171231069031
0.915,0.24965679398288
0.92,0.250115270974888
0.925,0.250546661895769
0.93,0.25095097388423
0.935,0.251328221320059
0.94,0.251678425775305
0.945,0.252001615963204
0.95,0.252297827684758
0.955,0.252567103773255
0.96,0.252809494036684
0.965,0.253025055198075
0.97,0.25321385083345
0.975,0.253375951308268
0.98,0.253511433711588
0.985,0.253620381788309
0.99,0.253702885869399
0.995,0.253759042800401
1,0.253788955868288
1.005,0.253792734726072
1.01,0.253770495315609
1.015,0.253722359789852
1.02,0.253648456431481
1.025,0.253548919571664
1.03,0.253423889506144
1.035,0.253273512410475
1.04,0.253097940253218
1.045,0.252897330707846
1.05,0.252671847063513
1.055,0.252421658133921
1.06,0.252146938165367
1.065,0.251847866743272
1.07,0.251524628697165
1.075,0.251177414005367
1.08,0.250806417697341
1.085,0.250411839755994
1.09,0.249993885018247
1.095,0.249552763074761
1.1,0.249088688168904
1.105,0.248601879094742
1.11,0.248092559093515
1.115,0.247560955750608
1.12,0.247007300890284
1.125,0.246431830470808
1.13,0.245834784478143
1.135,0.245216406819424
1.14,0.244576945215711
1.145,0.243916651094142
1.15,0.243235779479663
1.155,0.242534588886284
1.16,0.241813341207842
1.165,0.24107230160851
1.17,0.240311738413024
1.175,0.239531922996394
1.18,0.238733129673765
1.185,0.237915635589627
1.19,0.237079720607502
1.195,0.236225667198749
1.2,0.235353760332179
1.205,0.234464287363065
1.21,0.233557537922285
1.215,0.23263380380592
1.22,0.231693378864457
1.225,0.230736558892373
1.23,0.229763641518488
1.235,0.228774926095362
1.24,0.227770713590172
1.245,0.226751306475281
1.25,0.225717008619394
1.255,0.224668125179123
1.26,0.223604962491041
1.265,0.222527827963983
1.27,0.221437029972516
1.275,0.220332877749982
1.28,0.219215681283387
1.285,0.218085751207789
1.29,0.216943398702237
1.295,0.215788935385954
1.3,0.214622673215421
1.305,0.21344492438241
1.31,0.212256001212456
1.315,0.211056216064744
1.32,0.209845881232306
1.325,0.208625308843903
1.33,0.207394810765857
1.335,0.206154698506078
1.34,0.204905283117763
1.345,0.203646875105623
1.35,0.202379784331772
1.355,0.201104319924038
1.36,0.19982079018449
1.365,0.19852950249923
1.37,0.197230763250175
1.375,0.195924877726805
1.38,0.194612150040385
1.385,0.193292883038743
1.39,0.191967378222273
1.395,0.190635935661863
1.4,0.189298853917623
1.405,0.187956429959053
1.41,0.186608959086938
1.415,0.185256734856199
1.42,0.183900049000349
1.425,0.182539191357578
1.43,0.181174449797932
1.435,0.179806110152241
1.44,0.178434456142472
1.445,0.177059769313389
1.45,0.175682328966111
1.455,0.17430241209276
1.46,0.172920293313058
1.465,0.171536244812242
1.47,0.170150536280442
1.475,0.168763434853972
1.48,0.167375205057915
1.485,0.165986108750541
1.49,0.164596405068892
1.495,0.163206350376571
1.5,0.161816198212617
1.505,0.160426199242367
1.51,0.159036601209722
1.515,0.157647648891037
1.52,0.15625958405083
1.525,0.154872645398999
1.53,0.15348706854953
1.535,0.152103085981126
1.54,0.150720926999232
1.545,0.149340817699851
1.55,0.147962980934823
1.555,0.146587636278971
1.56,0.14521499999863
1.565,0.143845285021806
1.57,0.142478700910301
1.575,0.141115453833025
1.58,0.139755746540993
1.585,0.138399778344129
1.59,0.137047745089595
1.595,0.135699839141549
1.6,0.134356249362502
1.605,0.133017161096529
1.61,0.131682756153654
1.615,0.130353212796019
1.62,0.129028705725436
1.625,0.127709406072666
1.63,0.126395481387957
1.635,0.125087095633349
1.64,0.123784409176148
1.645,0.122487578784249
1.65,0.121196757622459
1.655,0.119912095250816
1.66,0.11863373762361
1.665,0.117361827090778
1.67,0.116096502399539
1.675,0.114837898698534
1.68,0.113586147542444
1.685,0.112341376898406
1.69,0.111103711153707
1.695,0.109873271124618
1.7,0.108650174066675
1.705,0.107434533686047
1.71,0.106226460152429
1.715,0.105026060112791
1.72,0.103833436706602
1.725,0.102648689582182
1.73,0.10147191491405
1.735,0.100303205421703
1.74,0.0991426503892003
1.745,0.097990335686058
1.75,0.0968463437890387
1.755,0.0957107538051585
1.76,0.0945836414956481
1.765,0.0934650793007599
1.77,0.0923551363659164
1.775,0.0912538785682941
1.78,0.090161368544852
1.785,0.0890776657209373
1.79,0.0880028263398101
1.795,0.0869369034931392
1.8,0.0858799471521911
1.805,0.0848320041999711
1.81,0.0837931184639034
1.815,0.0827633307495581
1.82,0.0817426788748505
1.825,0.0807311977050995
1.83,0.0797289191886888
1.835,0.0787358723934239
1.84,0.0777520835433769
1.845,0.0767775760566417
1.85,0.0758123705832326
1.855,0.0748564850439182
1.86,0.073909934669343
1.865,0.0729727320396972
1.87,0.072044887124973
1.875,0.0711264073254862
1.88,0.0702172975129338
1.885,0.0693175600717857
1.89,0.0684271949411066
1.895,0.067546199656772
1.9,0.0666745693937347
1.905,0.0658122970089582
1.91,0.0649593730843387
1.915,0.0641157859700678
1.92,0.0632815218280113
1.925,0.0624565646754831
1.93,0.0616408964291135
1.935,0.0608344969488209
1.94,0.0600373440819878
1.945,0.0592494137077061
1.95,0.0584706797811256
1.955,0.057701114377799
1.96,0.0569406877381636
1.965,0.0561893683119355
1.97,0.0554471228025749
1.975,0.0547139162116684
1.98,0.0539897118832839
1.985,0.0532744715482738
1.99,0.0525681553684153
1.995,0.0518707219805386
2,0.0511821285404159
2.005,0.0505023307666132
2.01,0.0498312829840269
2.015,0.0491689381673953
2.02,0.0485152479844396
2.025,0.0478701628389118
2.03,0.0472336319132102
2.035,0.0466056032110885
2.04,0.0459860235995839
2.045,0.045374838851105
2.05,0.044771993684912
2.055,0.0441774318084228
2.06,0.0435910959580967
2.065,0.0430129279399499
2.07,0.0424428686697849
2.075,0.0418808582128854
2.08,0.0413268358234458
2.085,0.0407807399835251
2.09,0.0402425084415299
2.095,0.0397120782502956
2.1,0.0391893858047344
2.105,0.0386743668789636
2.11,0.0381669566629675
2.115,0.0376670897987729
2.12,0.0371747004161796
2.125,0.0366897221678229
2.13,0.0362120882639023
2.135,0.0357417315062371
2.14,0.0352785843218871
2.145,0.0348225787960998
2.15,0.0343736467048451
2.155,0.0339317195466631
2.16,0.033496728574041
2.165,0.0330686048240996
2.17,0.0326472791488047
2.175,0.0322326822445444
2.18,0.0318247446810511
2.185,0.0314233969298514
2.19,0.0310285693919965
2.195,0.030640192425197
2.2,0.0302581963704585
2.205,0.0298825115779156
2.21,0.0295130684322159
2.215,0.0291497973771554
2.22,0.0287926289397918
2.225,0.0284414937538628
2.23,0.0280963225825785
2.235,0.0277570463408399
2.24,0.0274235961167748
2.245,0.0270959031926953
2.25,0.0267738990653365
2.255,0.0264575154655702
2.26,0.0261466843774544
2.265,0.0258413380566335
2.27,0.0255414090481345
2.275,0.0252468302035537
2.28,0.0249575346975955
2.285,0.0246734560440167
2.29,0.0243945281109539
2.295,0.0241206851356373
2.3,0.023851861738495
2.305,0.0235879929366755
2.31,0.0233290141569419
2.315,0.023074861247995
2.32,0.0228254704922024
2.325,0.0225807786167585
2.33,0.0223407228042396
2.335,0.0221052407026125
2.34,0.0218742704346666
2.345,0.021647750606894
2.35,0.0214256203178275
2.355,0.0212078191658019
2.36,0.0209942872562117
2.365,0.0207849652082368
2.37,0.0205797941610048
2.375,0.0203787157792981
2.38,0.0201816722587276
2.385,0.0199886063303712
2.39,0.0197994612650031
2.395,0.0196141808767659
2.4,0.0194327095264308
2.405,0.0192549921241273
2.41,0.019080974131705
2.415,0.018910601564571
2.42,0.018743820993128
2.425,0.0185805795438017
2.43,0.0184208248996207
2.435,0.0182645053004141
2.44,0.0181115695425944
2.445,0.0179619669785633
2.45,0.0178156475157651
2.455,0.0176725616153218
2.46,0.0175326602903687
2.465,0.017395895104002
2.47,0.0172622181669334
2.475,0.0171315821347664
2.48,0.0170039402050246
2.485,0.0168792461138338
2.49,0.0167574541323107
2.495,0.0166385190627115
2.5,0.0165223962342564
2.505,0.0164090414987338
2.51,0.0162984112258415
2.515,0.0161904622982925
2.52,0.0160851521066998
2.525,0.0159824385442197
2.53,0.0158822800010203
2.535,0.0157846353585394
2.54,0.015689463983558
2.545,0.0155967257221125
2.55,0.0155063808932047
2.555,0.01541839028243
2.56,0.0153327151353776
2.565,0.0152493171509619
2.57,0.0151681584746105
2.575,0.0150892016913415
2.58,0.015012409818714
2.585,0.0149377462997451
2.59,0.0148651749956818
2.595,0.0147946601787476
2.6,0.0147261665247861
2.605,0.0146596591058938
2.61,0.0145951033829703
2.615,0.0145324651982591
2.62,0.0144717107678558
2.625,0.0144128066741949
2.63,0.0143557198585232
2.635,0.0143004176134068
2.64,0.0142468675751978
2.645,0.0141950377165665
2.65,0.0141448963390157
2.655,0.0140964120654785
2.66,0.0140495538329025
2.665,0.0140042908849328
2.67,0.0139605927646189
2.675,0.0139184293072087
2.68,0.0138777706329823
2.685,0.013838587140216
2.69,0.0138008494981759
2.695,0.0137645286402299
2.7,0.0137295957570792
2.705,0.0136960222900385
2.71,0.0136637799244821
2.715,0.0136328405833739
2.72,0.0136031764209306
2.725,0.0135747598164055
2.73,0.0135475633680147
2.735,0.0135215598869797
2.74,0.0134967223917574
2.745,0.0134730241023334
2.75,0.0134504384347719
2.755,0.0134289389958338
2.76,0.0134084995777914
2.765,0.0133890941533987
2.77,0.0133706968710395
2.775,0.0133532820500092
2.78,0.0133368241760247
2.785,0.0133212978968421
2.79,0.0133066780181181
2.795,0.0132929394993928
2.8,0.0132800574502987
2.805,0.0132680071269305
2.81,0.0132567639283962
2.815,0.0132463033935896
2.82,0.0132366011980972
2.825,0.0132276331513496
2.83,0.0132193751939057
2.835,0.0132118033950164
2.84,0.0132048939502499
2.845,0.0131986231794444
2.85,0.013192967524765
2.855,0.0131879035489793
2.86,0.0131834079339323
2.865,0.0131794574791946
2.87,0.0131760291009267
2.875,0.013173099830898
2.88,0.01317064681573
2.885,0.0131686473163039
2.89,0.0131670787073716
2.895,0.0131659184773256
2.9,0.0131651442281753
2.905,0.0131647336756998
2.91,0.0131646646497699
2.915,0.0131649150948535
2.92,0.0131654630707009
2.925,0.0131662867531879
2.93,0.0131673644353365
2.935,0.0131686745284973
2.94,0.0131701955637122
2.945,0.0131719061932062
2.95,0.0131737851920533
2.955,0.0131758114600072
2.96,0.0131779640234596
2.965,0.0131802220375616
2.97,0.0131825647884704
2.975,0.0131849716957545
2.98,0.0131874223149114
2.985,0.0131898963400411
2.99,0.0131923736066337
2.995,0.0131948340944491
3,0.0131972579305845
3.005,0.0131996253925833
3.01,0.0132019169116944
3.015,0.0132041130762171
3.02,0.0132061946349583
3.025,0.013208142500772
3.03,0.0132099377541983
3.035,0.0132115616471804
3.04,0.0132129956068616
3.045,0.013214221239463
3.05,0.0132152203342214
3.055,0.0132159748674033
3.06,0.0132164670063663
3.065,0.0132166791136859
3.07,0.0132165937513277
3.075,0.013216193684852
3.08,0.0132154618876791
3.085,0.0132143815453763
3.09,0.0132129360599581
3.095,0.0132111090542392
3.1,0.0132088843761927
3.105,0.013206246103304
3.11,0.0132031785469558
3.115,0.0131996662568105
3.12,0.0131956940251767
3.125,0.0131912468913733
3.13,0.0131863101460933
3.135,0.0131808693357351
3.14,0.0131749102666987
3.145,0.0131684190096874
3.15,0.0131613819039396
3.155,0.013153785561458
3.16,0.0131456168711496
3.165,0.0131368630029601
3.17,0.0131275114119355
3.175,0.0131175498422234
3.18,0.0131069663310198
3.185,0.0130957492124401
3.19,0.0130838871213274
3.195,0.0130713689969806
3.2,0.0130581840867988
3.205,0.0130443219498419
3.21,0.0130297724603035
3.215,0.013014525810897
3.22,0.0129985725161354
3.225,0.0129819034154962
3.23,0.0129645096765253
3.235,0.0129463827977784
3.24,0.012927514611691
3.245,0.0129078972873151
3.25,0.0128875233329261
3.255,0.0128663855985345
3.26,0.0128444772782477
3.265,0.0128217919125146
3.27,0.0127983233902236
3.275,0.0127740659507024
3.28,0.0127490141855317
3.285,0.0127231630402419
3.29,0.0126965078158815
3.295,0.0126690441704169
3.3,0.0126407681199875
3.305,0.0126116760400359
3.31,0.0125817646662475
3.315,0.0125510310953713
3.32,0.0125194727858613
3.325,0.01248708755838
3.33,0.012453873596137
3.335,0.0124198294450537
3.34,0.0123849540137911
3.345,0.012349246573606
3.35,0.0123127067580255
3.355,0.0122753345624048
3.36,0.0122371303432654
3.365,0.0121980948175048
3.37,0.0121582290614327
3.375,0.0121175345096369
3.38,0.0120760129536815
3.385,0.0120336665406584
3.39,0.0119904977715428
3.395,0.0119465094994071
3.4,0.0119017049274703
3.405,0.0118560876069508
3.41,0.0118096614348173
3.415,0.0117624306512986
3.42,0.0117143998372978
3.425,0.0116655739116125
3.43,0.0116159581280079
3.435,0.011565558072102
3.44,0.0115143796581479
3.445,0.0114624291256053
3.45,0.0114097130355876
3.455,0.0113562382671546
3.46,0.0113020120134518
3.465,0.0112470417776806
3.47,0.0111913353689632
3.475,0.0111349008980295
3.48,0.011077746772767
3.485,0.0110198816936462
3.49,0.0109613146489964
3.495,0.010902054910146
3.5,0.0108421120264317
3.505,0.0107814958200934
3.51,0.0107202163810103
3.515,0.0106582840613491
3.52,0.0105957094700726
3.525,0.0105325034673236
3.53,0.010468677158738
3.535,0.0104042418895627
3.54,0.0103392092387705
3.545,0.0102735910129878
3.55,0.0102073992403607
3.555,0.0101406461643282
3.56,0.0100733442372813
3.565,0.0100055061141374
3.57,0.00993714464585043
3.575,0.00986827287281327
3.58,0.00979890401819027
3.585,0.00972905148119
3.59,0.00965872883025203
3.595,0.00958794979616383
3.6,0.00951672826513864
3.605,0.00944507827181158
3.61,0.00937301399220268
3.615,0.00930054973660317
3.62,0.00922769994246575
3.625,0.00915447916718389
3.63,0.00908090208090393
3.635,0.00900698345925912
3.64,0.00893273817610077
3.645,0.00885818119618344
3.65,0.00878332756785803
3.655,0.00870819241572528
3.66,0.00863279093328942
3.665,0.00855713837561121
3.67,0.00848125005194388
3.675,0.0084051413183895
3.68,0.00832882757054615
3.685,0.00825232423616839
3.69,0.00817564676786035
3.695,0.00809881063575869
3.7,0.00802183132027202
3.705,0.00794472430481064
3.71,0.00786750506859465
3.715,0.00779018907945089
3.72,0.00771279178667695
3.725,0.00763532861395737
3.73,0.00755781495230389
3.735,0.0074802661530608
3.74,0.00740269752096683
3.745,0.00732512430728065
3.75,0.00724756170296333
3.755,0.00717002483192781
3.76,0.00709252874436798
3.765,0.00701508841016583
3.77,0.00693771871235538
3.775,0.00686043444069659
3.78,0.00678325028532296
3.785,0.00670618083047551
3.79,0.00662924054833369
3.795,0.00655244379294437
3.8,0.00647580479425032
3.805,0.0063993376522123
3.81,0.006323056331048
3.815,0.00624697465358093
3.82,0.00617110629567947
3.825,0.00609546478084202
3.83,0.00602006347487494
3.835,0.00594491558069928
3.84,0.00587003413327814
3.845,0.00579543199467208
3.85,0.00572112184921759
3.855,0.00564711619883604
3.86,0.00557342735847488
3.865,0.00550006745168032
3.87,0.00542704840631447
3.875,0.00535438195039341
3.88,0.00528207960808037
3.885,0.005210152695818
3.89,0.00513861231858583
3.895,0.00506746936633335
3.9,0.00499673451052884
3.905,0.00492641820086904
3.91,0.00485653066213871
3.915,0.00478708189121647
3.92,0.00471808165422198
3.925,0.00464953948383867
3.93,0.00458146467675264
3.935,0.00451386629128111
3.94,0.0044467531451245
3.945,0.00438013381329424
3.95,0.0043140166261757
3.955,0.00424840966776456
3.96,0.00418332077403797
3.965,0.0041187575314962
3.97,0.00405472727585119
3.975,0.00399123709087097
3.98,0.00392829380737369
3.985,0.00386590400238901
3.99,0.00380407399845452
3.995,0.00374280986307882
4,0.00368211740835055
4.005,0.00362200219070003
4.01,0.00356246951081225
4.015,0.00350352441368871
4.02,0.00344517168885575
4.025,0.00338741587072671
4.03,0.00333026123910217
4.035,0.00327371181982153
4.04,0.00321777138555511
4.045,0.00316244345673634
4.05,0.00310773130264308
4.055,0.00305363794260387
4.06,0.00300016614735717
4.065,0.00294731844052931
4.07,0.00289509710026041
4.075,0.00284350416095441
4.08,0.00279254141515623
4.085,0.00274221041556252
4.09,0.002692512477153
4.095,0.0026434486794444
4.1,0.00259501986886675
4.105,0.00254722666125798
4.11,0.00250006944446887
4.115,0.00245354838108713
4.12,0.00240766341127004
4.125,0.00236241425567808
4.13,0.00231780041852484
4.135,0.00227382119071952
4.14,0.0022304756531129
4.145,0.00218776267983819
4.15,0.00214568094174494
4.155,0.00210422890992603
4.16,0.00206340485932585
4.165,0.00202320687244008
4.17,0.00198363284309293
4.175,0.00194468048028957
4.18,0.00190634731214832
4.185,0.00186863068990286
4.19,0.00183152779196956
4.195,0.00179503562808433
4.2,0.00175915104349919
4.205,0.00172387072323423
4.21,0.00168919119639225
4.215,0.00165510884051491
4.22,0.00162161988599748
4.225,0.00158872042053946
4.23,0.0015564063936433
4.235,0.00152467362114807
4.24,0.00149351778979714
4.245,0.00146293446184005
4.25,0.00143291907965804
4.255,0.00140346697041929
4.26,0.00137457335074975
4.265,0.00134623333142436
4.27,0.00131844192207419
4.275,0.00129119403589942
4.28,0.00126448449439422
4.285,0.00123830803207349
4.29,0.00121265930120139
4.295,0.00118753287651619
4.3,0.00116292325995038
4.305,0.00113882488534042
4.31,0.00111523212312505
4.315,0.00109213928502821
4.32,0.00106954062872233
4.325,0.00104743036246933
4.33,0.00102580264973779
4.335,0.00100465161379206
4.34,0.000983971342248034
4.345,0.000963755891598032
4.35,0.000943999291696291
4.355,0.000924695550203939
4.36,0.000905838656994
4.365,0.000887422588508103
4.37,0.000869441312065391
4.375,0.000851888790120538
4.38,0.000834758984468748
4.385,0.000818045860392843
4.39,0.000801743390752965
4.395,0.000785845560012842
4.4,0.00077034636820507
4.405,0.000755239834827878
4.41,0.000740520002674244
4.415,0.000726180941591606
4.42,0.000712216752164981
4.425,0.000698621569330901
4.43,0.000685389565908515
4.435,0.000672514956056278
4.44,0.000659991998644638
4.445,0.00064781500054842
4.45,0.000635978319853975
4.455,0.000624476368979289
4.46,0.000613303617708253
4.465,0.000602454596134698
4.47,0.000591923897515867
4.475,0.000581706181034741
4.48,0.000571796174467608
4.485,0.000562188676758607
4.49,0.000552878560498044
4.495,0.000543860774303713
4.5,0.000535130345105274
4.505,0.000526682380329506
4.51,0.000518512069986182
4.515,0.000510614688654174
4.52,0.000502985597366604
4.525,0.000495620245394221
4.53,0.000488514171927209
4.535,0.000481663007654562
4.54,0.000475062476241406
4.545,0.000468708395702071
4.55,0.000462596679670707
4.555,0.000456723338569042
4.56,0.000451084480670321
4.565,0.000445676313059693
4.57,0.000440495142492255
4.575,0.000435537376147541
4.58,0.000430799522281639
4.585,0.000426278190776288
4.59,0.000421970093587565
4.595,0.000417872045091364
4.6,0.000413980962329258
4.605,0.000410293865153733
4.61,0.000406807876273657
4.615,0.000403520221201815
4.62,0.000400428228103777
4.625,0.000397529327550451
4.63,0.000394821052173984
4.635,0.000392301036229861
4.64,0.000389967015063931
4.645,0.000387816824488367
4.65,0.000385848400064859
4.655,0.000384059776298589
4.66,0.000382449085743982
4.665,0.000381014558022037
4.67,0.000379754518753232
4.675,0.000378667388405596
4.68,0.000377751681060149
4.685,0.00037700600309627
4.69,0.000376429051796987
4.695,0.000376019613877246
4.7,0.000375776563936723
4.705,0.000375698862838642
4.71,0.000375785556017189
4.715,0.000376035771713966
4.72,0.000376448719148474
4.725,0.000377023686620792
4.73,0.00037776003955158
4.735,0.000378657218460149
4.74,0.000379714736882907
4.745,0.000380932179234653
4.75,0.000382309198614624
4.755,0.000383845514559648
4.76,0.000385540910746581
4.765,0.000387395232646661
4.77,0.000389408385133712
4.775,0.000391580330048742
4.78,0.000393911083723035
4.785,0.000396400714462844
4.79,0.000399049339996842
4.795,0.000401857124890525
4.8,0.000404824277927493
4.805,0.000407951049463219
4.81,0.000411237728750807
4.815,0.000414684641242548
4.82,0.000418292145870924
4.825,0.000422060632308497
4.83,0.000425990518211529
4.835,0.000430082246450388
4.84,0.000434336282326293
4.845,0.00043875311077943
4.85,0.000443333233590187
4.855,0.000448077166575221
4.86,0.000452985436782198
4.865,0.000458058579684646
4.87,0.000463297136378981
4.875,0.000468701650787801
4.88,0.000474272666869475
4.885,0.000480010725838814
4.89,0.000485916363399675
4.895,0.000491990106991857
4.9,0.000498232473055761
4.905,0.000504643964315258
4.91,0.000511225067083133
4.915,0.000517976248589618
4.92,0.000524897954337033
4.925,0.000531990605483199
4.93,0.000539254596254149
4.935,0.00054669029138951
4.94,0.000554298023623627
4.945,0.000562078091201047
4.95,0.000570030755432229
4.955,0.000578156238289865
4.96,0.000586454720045885
4.965,0.000594926336954522
4.97,0.000603571178981261
4.975,0.000612389287578496
4.98,0.000621380653512757
4.985,0.000630545214741819
4.99,0.000639882854345815
4.995,0.000649393398512061
5,0.000659076614577415
5.005,0.000668932209127433
5.01,0.00067895982615465
5.015,0.000689159045278603
5.02,0.000699529380025967
5.025,0.000710070276175529
5.03,0.000720781110167743
5.035,0.00073166118757768
5.04,0.000742709741658075
5.045,0.000753925931947923
5.05,0.000765308842950779
5.055,0.00077685748288287
5.06,0.000788570782492124
5.065,0.000800447593948373
5.07,0.00081248668980674
5.075,0.000824686762042903
5.08,0.000837046421164039
5.085,0.000849564195391662
5.09,0.000862238529922156
5.095,0.00087506778626046
5.1,0.000888050241631033
5.105,0.000901184088463906
5.11,0.000914467433958459
5.115,0.00092789829972342
5.12,0.00094147462149296
5.125,0.000955194248921896
5.13,0.000969054945455532
5.135,0.00098305438827864
5.14,0.000997190168340317
5.145,0.0010114597904572
5.15,0.00102586067349049
5.155,0.00104039015060403
5.16,0.0010550454695944
5.165,0.00106982379329843
5.17,0.00108472220007778
5.175,0.00109973768437624
5.18,0.0011148671573522
5.185,0.00113010744758565
5.19,0.00114545530185825
5.195,0.0011609073860054
5.2,0.00117646028584072
5.205,0.00119211050815072
5.21,0.00120785448176251
5.215,0.00122368855867531
5.22,0.00123960901526719
5.225,0.00125561205356264
5.23,0.00127169380257157
5.235,0.00128785031969039
5.24,0.00130407759216821
5.245,0.00132037153863619
5.25,0.00133672801069819
5.255,0.00135314279458129
5.26,0.00136961161284618
5.265,0.00138613012615535
5.27,0.00140269393509702
5.275,0.00141929858206344
5.28,0.00143593955318358
5.285,0.00145261228030723
5.29,0.00146931214303956
5.295,0.00148603447082513
5.3,0.00150277454507594
5.305,0.00151952760134943
5.31,0.00153628883156699
5.315,0.00155305338627567
5.32,0.00156981637695087
5.325,0.00158657287833533
5.33,0.00160331793081858
5.335,0.00162004654284794
5.34,0.00163675369337456
5.345,0.00165343433433073
5.35,0.00167008339313478
5.355,0.00168669577522708
5.36,0.00170326636662918
5.365,0.00171979003652525
5.37,0.00173626163987076
5.375,0.00175267602001506
5.38,0.00176902801134444
5.385,0.00178531244194379
5.39,0.00180152413626809
5.395,0.00181765791782757
5.4,0.0018337086118823
5.405,0.00184967104814861
5.41,0.00186554006350704
5.415,0.00188131050471449
5.42,0.0018969772311235
5.425,0.0019125351173972
5.43,0.0019279790562225
5.435,0.00194330396102386
5.44,0.00195850476866648
5.445,0.00197357644215434
5.45,0.00198851397331941
5.455,0.00200331238549733
5.46,0.00201796673619099
5.465,0.00203247211972004
5.47,0.00204682366985064
5.475,0.00206101656240858
5.48,0.00207504601786895
5.485,0.00208890730392846
5.49,0.00210259573804563
5.495,0.00211610668996461
5.5,0.00212943558419766
5.505,0.00214257790249411
5.51,0.00215552918626349
5.515,0.00216828503897572
5.52,0.00218084112852055
5.525,0.00219319318953382
5.53,0.00220533702568461
5.535,0.00221726851192413
5.54,0.00222898359669203
5.545,0.0022404783040811
5.55,0.0022517487359594
5.555,0.00226279107404405
5.56,0.0022736015819306
5.565,0.00228417660707638
5.57,0.00229451258272822
5.575,0.00230460602980657
5.58,0.00231445355873337
5.585,0.0023240518712085
5.59,0.00233339776193296
5.595,0.00234248812027423
5.6,0.00235131993187932
5.605,0.00235989028022542
5.61,0.00236819634811763
5.615,0.00237623541912465
5.62,0.00238400487895197
5.625,0.00239150221676176
5.63,0.00239872502642398
5.635,0.002405671007706
5.64,0.00241233796740519
5.645,0.00241872382040673
5.65,0.00242482659068971
5.655,0.00243064441225978
5.66,0.00243617553001903
5.665,0.00244141830057028
5.67,0.0024463711929539
5.675,0.00245103278932063
5.68,0.00245540178553388
5.685,0.00245947699170923
5.69,0.00246325733268334
5.695,0.00246674184841558
5.7,0.00246992969432109
5.705,0.00247282014154332
5.71,0.00247541257714693
5.715,0.00247770650425436
5.72,0.00247970154210715
5.725,0.00248139742606262
5.73,0.00248279400752615
5.735,0.00248389125380848
5.74,0.00248468924792546
5.745,0.00248518818832812
5.75,0.00248538838855919
5.755,0.00248529027685868
5.76,0.00248489439569054
5.765,0.00248420140121134
5.77,0.00248321206267624
5.775,0.00248192726177356
5.78,0.00248034799190758
5.785,0.00247847535740996
5.79,0.00247631057269201
5.795,0.00247385496133787
5.8,0.00247110995514033
5.805,0.0024680770930672
5.81,0.00246475802018263
5.815,0.00246115448650141
5.82,0.00245726834579222
5.825,0.00245310155431994
5.83,0.00244865616954221
5.835,0.00244393434874584
5.84,0.00243893834763173
5.845,0.00243367051884902
5.85,0.00242813331048484
5.855,0.00242232926449768
5.86,0.00241626101510607
5.865,0.00240993128713495
5.87,0.00240334289430824
5.875,0.00239649873750726
5.88,0.00238940180298303
5.885,0.00238205516052556
5.89,0.00237446196159632
5.895,0.00236662543742248
5.9,0.00235854889705155
5.905,0.00235023572537736
5.91,0.00234168938112463
5.915,0.00233291339480441
5.92,0.00232391136664231
5.925,0.0023146869644705
5.93,0.00230524392159734
5.935,0.0022955860346511
5.94,0.00228571716139403
5.945,0.00227564121851873
5.95,0.00226536217941973
5.955,0.00225488407194881
5.96,0.00224421097614645
5.965,0.00223334702196451
5.97,0.00222229638696504
5.975,0.00221106329401286
5.98,0.00219965200895419
5.985,0.00218806683828208
5.99,0.00217631212679774
5.995,0.00216439225526246
6,0.00215231163804812
6.005,0.00214007472077354
6.01,0.00212768597795611
6.015,0.00211514991064312
6.02,0.00210247104406218
6.025,0.00208965392526245
6.03,0.00207670312076408
6.035,0.00206362321421643
6.04,0.0020504188040583
6.045,0.00203709450119113
6.05,0.00202365492666313
6.055,0.0020101047093625
6.06,0.00199644848372521
6.065,0.00198269088746083
6.07,0.00196883655929089
6.075,0.00195489013670734
6.08,0.0019408562537525
6.085,0.00192673953881356
6.09,0.00191254461244786
6.095,0.00189827608522562
6.1,0.00188393855559683
6.105,0.00186953660779331
6.11,0.0018550748097462
6.115,0.00184055771104256
6.12,0.00182598984090657
6.125,0.0018113757062131
6.13,0.0017967197895358
6.135,0.0017820265472267
6.14,0.00176730040753073
6.145,0.00175254576873813
6.15,0.00173776699737227
6.155,0.00172296842641578
6.16,0.00170815435357571
6.165,0.00169332903958932
6.17,0.0016784967065705
6.175,0.0016636615363977
6.18,0.00164882766914561
6.185,0.00163399920155823
6.19,0.00161918018556876
6.195,0.001604374626864
6.2,0.00158958648349371
6.205,0.00157481966452611
6.21,0.00156007802875372
6.215,0.00154536538344154
6.22,0.00153068548312936
6.225,0.00151604202847905
6.23,0.00150143866517228
6.235,0.00148687898285876
6.24,0.00147236651415382
6.245,0.00145790473368655
6.25,0.00144349705719957
6.255,0.00142914684069988
6.26,0.00141485737966038
6.265,0.00140063190827375
6.27,0.00138647359875786
6.275,0.00137238556071407
6.28,0.00135837084053633
6.285,0.00134443242087224
6.29,0.00133057322013885
6.295,0.00131679609208697
6.3,0.00130310382541924
6.305,0.00128949914346199
6.31,0.00127598470388468
6.315,0.00126256309847549
6.32,0.00124923685296434
6.325,0.00123600842689983
6.33,0.00122288021357631
6.335,0.00120985454001011
6.34,0.00119693366696779
6.345,0.00118411978904361
6.35,0.00117141503478488
6.355,0.00115882146686843
6.36,0.00114634108232271
6.365,0.0011339758128011
6.37,0.0011217275248978
6.375,0.00110959802051495
6.38,0.00109758903727201
6.385,0.0010857022489626
6.39,0.00107393926605481
6.395,0.00106230163623478
6.4,0.00105079084499506
6.405,0.00103940831626277
6.41,0.00102815541307073
6.415,0.00101703343826882
6.42,0.00100604363527357
6.425,0.000995187188859113
6.43,0.000984465225982354
6.435,0.000973878816647382
6.44,0.000963428974805459
6.445,0.000953116659287811
6.45,0.000942942774774536
6.455,0.000932908172793968
6.46,0.000923013652755686
6.465,0.000913259963011185
6.47,0.000903647801946864
6.475,0.00089417781910334
6.48,0.000884850616321854
6.485,0.000875666748916432
6.49,0.000866626726871909
6.495,0.000857731016063471
6.5,0.000848980039500553
6.505,0.000840374178588822
6.51,0.000831913774415455
6.515,0.000823599129049238
6.52,0.000815430506861102
6.525,0.000807408135858199
6.53,0.000799532209033259
6.535,0.000791802885728665
6.54,0.000784220293010964
6.545,0.000776784527056299
6.55,0.000769495654546356
6.555,0.000762353714071525
6.56,0.000755358717541024
6.565,0.000748510651599343
6.57,0.000741809479046557
6.575,0.000735255140259571
6.58,0.000728847554620153
6.585,0.000722586621937172
6.59,0.000716472223872106
6.595,0.000710504225360992
6.6,0.000704682476032537
6.605,0.000699006811621616
6.61,0.000693477055377801
6.615,0.000688093019464828
6.62,0.000682854506352607
6.625,0.000677761310199167
6.63,0.00067281321822262
6.635,0.000668010012057841
6.64,0.000663351469103992
6.645,0.000658837363853951
6.65,0.000654467469209784
6.655,0.000650241557780849
6.66,0.000646159403163535
6.665,0.000642220781202749
6.67,0.000638425471231546
6.675,0.000634773257291462
6.68,0.000631263929328778
6.685,0.00062789728436755
6.69,0.000624673127660359
6.695,0.000621591273809631
6.7,0.000618651547866373
6.705,0.000615853786399623
6.71,0.000613197838537994
6.715,0.000610683566981672
6.72,0.000608310848985896
6.725,0.000606079577311482
6.73,0.000603989661145277
6.735,0.00060204102698726
6.74,0.000600233619505348
6.745,0.00059856740235482
6.75,0.000597042358964194
6.755,0.000595658493286648
6.76,0.000594415830512331
6.765,0.000593314417747913
6.77,0.000592354324656253
6.775,0.000591535644060282
6.78,0.000590858492506659
6.785,0.000590323010792573
6.79,0.000589929364452512
6.795,0.000589677744205834
6.8,0.000589568366364173
6.805,0.000589601473198516
6.81,0.000589777333265299
6.815,0.000590096241693729
6.82,0.000590558520428237
6.825,0.000591164518433346
6.83,0.00059191461185421
6.835,0.000592809204137375
6.84,0.000593848726108479
6.845,0.000595033636008972
6.85,0.000596364419489751
6.855,0.000597841589564473
6.86,0.00059946568651902
6.865,0.000601237277781537
6.87,0.000603156957747495
6.875,0.000605225347566695
6.88,0.000607443094885468
6.885,0.000609810873550174
6.89,0.000612329383267583
6.895,0.000614999349226228
6.9,0.000617821521675639
6.905,0.000620796675466506
6.91,0.000623925609550325
6.915,0.000627209146439958
6.92,0.000630648131630425
6.925,0.000634243432982729
6.93,0.000637995940066768
6.935,0.000641906563470023
6.94,0.000645976234066369
6.945,0.00065020590224923
6.95,0.000654596537130397
6.955,0.000659149125699963
6.96,0.000663864671956221
6.965,0.000668744195997337
6.97,0.000673788733082803
6.975,0.000678999332660581
6.98,0.000684377057362904
6.985,0.000689922981972896
6.99,0.000695638192357562
6.995,0.000701523784374767
7,0.000707580862749551
7.005,0.000713787707645055
7.01,0.000720159021294266
7.015,0.000726697932383394
7.02,0.000733406310859079
7.025,0.000740286509418042
7.03,0.000747340260673659
7.035,0.000754568773718081
7.04,0.000761973710120735
7.045,0.00076955625074694
7.05,0.000777317579918947
7.055,0.000785259250394054
7.06,0.000793382401628517
7.065,0.000801688168230835
7.07,0.00081017798326619
7.075,0.000818852642059677
7.08,0.000827713517613505
7.085,0.000836761669175949
7.09,0.000845998141700998
7.095,0.000855423964227706
7.1,0.000865040148250419
7.105,0.000874847686077448
7.11,0.00088484771015595
7.115,0.000895040993971932
7.12,0.000905428592945959
7.125,0.000916011261466983
7.13,0.000926789972081603
7.135,0.000937765541326651
7.14,0.000948938679667694
7.145,0.000960310227240187
7.15,0.000971880905541414
7.155,0.000983651401356818
7.16,0.000995622365246022
7.165,0.00100779441003739
7.17,0.00102016810933226
7.175,0.00103274399185874
7.18,0.00104552254407903
7.185,0.00105850421326151
7.19,0.0010716894015951
7.195,0.00108507842380667
7.2,0.00109867162104714
7.205,0.00111246919563188
7.21,0.00112647140485457
7.215,0.00114067840499655
7.22,0.00115509022005375
7.225,0.00116970688644804
7.23,0.00118452847510234
7.235,0.00119955482487038
7.24,0.00121478590438126
7.245,0.00123022142342481
7.25,0.00124586112969285
7.255,0.00126170482679629
7.26,0.00127775202517744
7.265,0.00129400228555973
7.27,0.00131045510426488
7.275,0.00132710991221075
7.28,0.00134396621090027
7.285,0.00136102316323103
7.29,0.0013782799980868
7.295,0.0013957358752661
7.3,0.00141338988464978
7.305,0.00143124104540603
7.31,0.00144928830523504
7.315,0.00146753053964751
7.32,0.00148596655128706
7.325,0.00150459506928975
7.33,0.00152341474868287
7.335,0.0015424241698286
7.34,0.00156162183790502
7.345,0.00158100618243267
7.35,0.00160057555684102
7.355,0.00162032823808043
7.36,0.00164026226311121
7.365,0.00166037591799001
7.37,0.00168066724848351
7.375,0.00170113422276144
7.38,0.0017217747312338
7.385,0.00174258658642619
7.39,0.00176356736180009
7.395,0.00178471487582397
7.4,0.001806026707252
7.405,0.00182750035693137
7.41,0.00184913309086986
7.415,0.0018709224128402
7.42,0.00189286559095107
7.425,0.00191495966314327
7.43,0.00193720189812148
7.435,0.00195958933350415
7.44,0.00198211878299633
7.445,0.00200478728214518
7.45,0.00202759164159123
7.455,0.00205052845584078
7.46,0.0020735945305126
7.465,0.00209678631655026
7.47,0.00212010046959565
7.475,0.00214353330008492
7.48,0.00216708131615016
7.485,0.00219074081960329
7.49,0.0022145079179197
7.495,0.00223837890203732
7.5,0.00226234974809125
7.505,0.002286416607299
7.51,0.00231057532868934
7.515,0.00233482192753701
7.52,0.00235915213032162
7.525,0.00238356182051621
7.53,0.00240804660691515
7.535,0.00243260214533149
7.54,0.0024572241315311
7.545,0.00248190800611533
7.55,0.00250664934494328
7.555,0.0025314434843802
7.56,0.00255628588572326
7.565,0.00258117178697396
7.57,0.00260609646190863
7.575,0.00263105521214827
7.58,0.00265604313826695
7.585,0.00268105537247891
7.59,0.00270608707047156
7.595,0.0027311332100284
7.6,0.00275618879641689
7.605,0.0027812488540862
7.61,0.00280630825343384
7.615,0.00283136188822266
7.62,0.00285640466723296
7.625,0.00288143136957506
7.63,0.00290643679370076
7.635,0.00293141574908666
7.64,0.00295636294027678
7.645,0.00298127308726446
7.65,0.00300614088773281
7.655,0.00303096104629975
7.66,0.00305572819411591
7.665,0.00308043697377144
7.67,0.00310508201348146
7.675,0.00312965794474615
7.68,0.00315415935708697
7.685,0.00317858084782314
7.69,0.0032029170080741
7.695,0.00322716242913134
7.7,0.0032513116914104
7.705,0.00327535937994858
7.71,0.00329930008192377
7.715,0.00332312838876113
7.72,0.00334683889823646
7.725,0.0033704262058144
7.73,0.0033938849391496
7.735,0.00341720972781696
7.74,0.0034403952162038
7.745,0.00346343606561916
7.75,0.00348632695640717
7.755,0.00350906259005697
7.76,0.00353163766482862
7.765,0.00355404695772544
7.77,0.00357628524632887
7.775,0.00359834733773291
7.78,0.00362022807062546
7.785,0.00364192231733873
7.79,0.00366342498591065
7.795,0.00368473102211342
7.8,0.00370583541148524
7.805,0.00372673318133178
7.81,0.00374741935836193
7.815,0.0037678891048765
7.82,0.00378813758545478
7.825,0.00380816001431081
7.83,0.00382795165720415
7.835,0.00384750783334457
7.84,0.00386682391725448
7.845,0.00388589534062633
7.85,0.00390471759414241
7.855,0.0039232862292775
7.86,0.00394159686007003
7.865,0.00395964516486958
7.87,0.0039774268880502
7.875,0.00399493784170171
7.88,0.00401217390728747
7.885,0.00402913103726889
7.89,0.00404580525670157
7.895,0.00406219266479622
7.9,0.00407828943644918
7.905,0.00409409182373487
7.91,0.00410959615736546
7.915,0.00412479884811325
7.92,0.00413969638820007
7.925,0.00415428535264392
7.93,0.0041685624005692
7.935,0.00418252427648493
7.94,0.00419616781151251
7.945,0.00420948992458331
7.95,0.00422248762358816
7.955,0.00423515806890599
7.96,0.00424749838384822
7.965,0.00425950584962402
7.97,0.00427117784060486
7.975,0.00428251182526612
7.98,0.00429350536708798
7.985,0.00430415612541169
7.99,0.00431446185625134
7.995,0.00432442041306037
8,0.00433402974745682
8.005,0.00434328790989669
8.01,0.00435219310698601
8.015,0.00436074352785004
8.02,0.00436893752301475
8.025,0.00437677354410022
8.03,0.00438425014427189
8.035,0.00439136597864212
8.04,0.00439811980462359
8.045,0.00440451048224195
8.05,0.0044105370231286
8.055,0.00441619843983897
8.06,0.00442149390156887
8.065,0.00442642268090079
8.07,0.00443098415387775
8.075,0.00443517780003464
8.08,0.00443900320237796
8.085,0.00444246008672443
8.09,0.00444554819831108
8.095,0.00444826742997708
8.1,0.00445061777751118
8.105,0.00445259933941531
8.11,0.00445421234858064
8.115,0.00445545707069929
8.12,0.00445633391045343
8.125,0.00445684337380213
8.13,0.0044569860675275
8.135,0.0044567627222987
8.14,0.00445617411583006
8.145,0.00445522115410262
8.15,0.00445390484162122
8.155,0.00445222628073453
8.16,0.00445018668521195
8.165,0.00444778733087659
8.17,0.00444502960912357
8.175,0.00444191500606856
8.18,0.0044384451084804
8.185,0.00443462157662552
8.19,0.0044304461753807
8.195,0.00442592076060686
8.2,0.00442104727699575
8.205,0.00441582775448304
8.21,0.00441026431559689
8.215,0.00440435916954277
8.22,0.00439811460156627
8.225,0.00439153299415603
8.23,0.00438461680942435
8.235,0.00437736859130565
8.24,0.00436979094612213
8.245,0.00436188658965122
8.25,0.00435365830344913
8.255,0.00434510894555845
8.26,0.00433624142199044
8.265,0.00432705876058178
8.27,0.00431756404034075
8.275,0.00430776037771698
8.28,0.00429765101887794
8.285,0.00428723925050094
8.29,0.00427652838586384
8.295,0.00426552187586955
8.3,0.00425422320096233
8.305,0.00424263590297005
8.31,0.00423076353445051
8.315,0.00421860979814373
8.32,0.00420617841028305
8.325,0.00419347308640902
8.33,0.00418049770016865
8.335,0.00416725612716529
8.34,0.00415375223071182
8.345,0.00413999004014475
8.35,0.00412597357503869
8.355,0.00411170683096449
8.36,0.00409719397739092
8.365,0.00408243916219907
8.37,0.00406744649745721
8.375,0.00405222027697403
8.38,0.00403676468266142
8.385,0.00402108408138704
8.39,0.0040051827995636
8.395,0.00398906510902111
8.4,0.00397273547431501
8.405,0.00395619830759569
8.41,0.00393945795460002
8.415,0.00392251896149867
8.42,0.00390538581014174
8.425,0.00388806290420627
8.43,0.00387055485544184
8.435,0.0038528660983266
8.44,0.00383500127852368
8.445,0.00381696495868295
8.45,0.00379876160490031
8.455,0.00378039590196953
8.46,0.00376187232940463
8.465,0.00374319558848926
8.47,0.00372437027915966
8.475,0.00370540088686325
8.48,0.00368629212619519
8.485,0.00366704847916667
8.49,0.00364767465995716
8.495,0.00362817526359812
8.5,0.00360855475329838
8.505,0.0035888178316615
8.51,0.00356896894233263
8.515,0.00354901277131585
8.52,0.00352895373647625
8.525,0.00350879650099233
8.53,0.00348854558568114
8.535,0.0034682053570831
8.54,0.00344778043406109
8.545,0.00342727514255092
8.55,0.00340669406370523
8.555,0.00338604147722572
8.56,0.00336532192091182
8.565,0.00334453962278291
8.57,0.00332369907182777
8.575,0.00330280443913571
8.58,0.00328186015962234
8.585,0.0032608704935363
8.59,0.00323983951593608
8.595,0.00321877157234205
8.6,0.00319767066867163
8.605,0.00317654108409403
8.61,0.00315538675086957
8.615,0.00313421187728411
8.62,0.00311302031765223
8.625,0.00309181620506707
8.63,0.00307060331183033
8.635,0.00304938569176227
8.64,0.0030281670313198
8.645,0.00300695130119906
8.65,0.00298574209841096
8.655,0.00296454330690759
8.66,0.00294335843089395
8.665,0.00292219126419686
8.67,0.00290104521508994
8.675,0.00287992398412965
8.68,0.00285883088077438
8.685,0.00283776950940677
8.69,0.0028167430780265
8.695,0.00279575509217475
8.7,0.00277480865599144
8.705,0.00275390717374876
8.71,0.00273305364356614
8.715,0.00271225136625767
8.72,0.00269150323200105
8.725,0.00267081243620115
8.73,0.00265018175940714
8.735,0.0026296142898999
8.74,0.00260911269715326
8.745,0.00258867977698197
8.75,0.00256831845348764
8.755,0.00254803122816942
8.76,0.00252782091475324
8.765,0.00250768990102141
8.77,0.00248764088941101
8.775,0.00246767615333243
8.78,0.0024477982832445
8.785,0.00242800943775059
8.79,0.00240831209485257
8.795,0.00238870829812796
8.8,0.0023692002227247
8.805,0.00234979017686352
8.81,0.00233048003233784
8.815,0.00231127198465457
8.82,0.00229216779089369
8.825,0.00227316953408088
8.83,0.00225427885706135
8.835,0.00223549753792543
8.84,0.00221682749124892
8.845,0.0021982701904587
8.85,0.00217982743907458
8.855,0.00216150059824524
8.86,0.00214329116705619
8.865,0.00212520078358635
8.87,0.00210723064324994
8.875,0.00208938227556443
8.88,0.00207165676666048
8.885,0.00205405553875422
8.89,0.00203657957016171
8.895,0.0020192299813842
8.9,0.00200200803589912
8.905,0.00198491455386414
8.91,0.00196795049920759
8.915,0.00195111698032968
8.92,0.0019344146632046
8.925,0.00191784455536237
8.93,0.00190140722207485
8.935,0.00188510337541751
8.94,0.00186893387480401
8.945,0.00185289913878515
8.95,0.00183699993083077
8.955,0.00182123657410386
8.96,0.00180560954161495
8.965,0.00179011945658178
8.97,0.00177476650376125
8.975,0.00175955101941727
8.98,0.00174447349159354
8.985,0.00172953397193755
8.99,0.00171473266525568
8.995,0.00170006992970127
9,0.00168554568929328
9.005,0.0016711602187902
9.01,0.00165691336003481
9.015,0.00164280511093517
9.02,0.00162883562548547
9.025,0.00161500462734319
9.03,0.00160131199779217
9.035,0.00158775777568066
9.04,0.00157434157224007
9.045,0.00156106315784147
9.05,0.00154792246185419
9.055,0.00153491898887072
9.06,0.00152205240408039
9.065,0.00150932253304801
9.07,0.00149672877950512
9.075,0.00148427070917043
9.08,0.00147194804944891
9.085,0.00145976010894261
9.09,0.0014477063595541
9.095,0.00143578643611209
9.1,0.00142399955773611
9.105,0.00141234510807942
9.11,0.00140082244260221
9.115,0.00138943108113551
9.12,0.00137817013216579
9.125,0.00136703887013154
9.13,0.00135603673489638
9.135,0.00134516275813979
9.14,0.00133441613852239
9.145,0.00132379624108479
9.15,0.00131330202586435
9.155,0.00130293262080335
9.16,0.00129268713136566
9.165,0.00128256483047915
9.17,0.00127256459038836
9.175,0.00126268545226805
9.18,0.00125292662548529
9.185,0.00124328692187288
9.19,0.00123376532287799
9.195,0.00122436079101442
9.2,0.00121507245778368
9.205,0.00120589906134236
9.21,0.0011968395101855
9.215,0.00118789288227919
9.22,0.00117905786531863
9.225,0.00117033331776968
9.23,0.00116171808226717
9.235,0.00115321117141044
9.24,0.00114481121154095
9.245,0.00113651700018705
9.25,0.00112832732060937
9.255,0.00112024112635834
9.26,0.00111225698862011
9.265,0.0011043736500139
9.27,0.00109658984030514
9.275,0.00108890445971057
9.28,0.00108131602985359
9.285,0.00107382324387614
9.29,0.00106642478333328
9.295,0.00105911950023657
9.3,0.00105190587165781
9.305,0.00104478254611923
9.31,0.00103774816168639
9.315,0.00103080152673883
9.32,0.00102394107826162
9.325,0.00101716542448241
9.33,0.00101047316417497
9.335,0.00100386306615157
9.34,0.000997333531280467
9.345,0.000990883131338345
9.35,0.000984510429541084
9.355,0.000978213980752465
9.36,0.000971992509431798
9.365,0.000965844376172957
9.37,0.000959768111972598
9.375,0.000953762240256914
9.38,0.000947825453536227
9.385,0.00094195608375548
9.39,0.000936152632717916
9.395,0.000930413595374251
9.4,0.000924737459996567
9.405,0.000919122883279601
9.41,0.000913568165295505
9.415,0.000908071775288045
9.42,0.000902632176496086
9.425,0.000897247826320883
9.43,0.0008919173498648
9.435,0.000886639019560461
9.44,0.00088141127629114
9.445,0.000876232555776982
9.45,0.000871101288747129
9.455,0.000866016072899523
9.46,0.000860975157299037
9.465,0.00085597695875792
9.47,0.000851019889820524
9.475,0.000846102358954863
9.48,0.000841222770748988
9.485,0.000836379696021016
9.49,0.000831571361865799
9.495,0.000826796162460778
9.5,0.000822052488953182
9.505,0.000817338729692685
9.51,0.000812653270470795
9.515,0.00080799466272887
9.52,0.000803361119480823
9.525,0.000798751020364601
9.53,0.000794162743518158
9.535,0.000789594665871159
9.54,0.000785045163449683
9.545,0.00078051277760245
9.55,0.000775995717109546
9.555,0.000771492357222566
9.56,0.000767001073638724
9.565,0.000762520242874683
9.57,0.000758048242656189
9.575,0.000753583452324582
9.58,0.000749124416698068
9.585,0.000744669355656747
9.59,0.000740216655976022
9.595,0.000735764707846487
9.6,0.000731311905371551
9.605,0.000726856647084087
9.61,0.000722397336485125
9.615,0.000717932543346983
9.62,0.0007134605214578
9.625,0.000708979692643337
9.63,0.00070448848606818
9.635,0.000699985345023678
9.64,0.000695468905222202
9.645,0.000690938044787272
9.65,0.000686391791688447
9.655,0.000681829450367408
9.66,0.000677250112338307
9.665,0.000672653118965812
9.67,0.000668037895191878
9.675,0.00066340394366862
9.68,0.000658750839738257
9.685,0.000654078227252772
9.69,0.000649385815249885
9.695,0.000644673375082879
9.7,0.000639940737119628
9.705,0.000635187941963353
9.71,0.00063041477857714
9.715,0.000625621242187773
9.72,0.000620807379432761
9.725,0.00061597328619745
9.73,0.000611119106022671
9.735,0.000606245028628742
9.74,0.000601351288472508
9.745,0.000596438163342369
9.75,0.00059150597299604
9.755,0.000586555077843982
9.76,0.000581586024468167
9.765,0.000576599103055572
9.77,0.000571594788544668
9.775,0.000566573591685507
9.78,0.000561536057422432
9.785,0.00055648276411088
9.79,0.000551414322608247
9.795,0.000546331374998776
9.8,0.000541234592678566
9.805,0.000536124676344636
9.81,0.000531002354593071
9.815,0.000525868381883653
9.82,0.000520723539065864
9.825,0.000515568630521701
9.83,0.000510404622592748
9.835,0.000505232226086323
9.84,0.000500052312337264
9.845,0.00049486577243575
9.85,0.00048967351665204
9.855,0.000484476472494627
9.86,0.000479275584926935
9.865,0.000474071813531575
9.87,0.000468866133376268
9.875,0.00046365953231976
9.88,0.000458453010448983
9.885,0.000453247579765431
9.89,0.00044804426176067
9.895,0.000442844087073518
9.9,0.000437648094921097
9.905,0.000432457331024945
9.91,0.000427272846720855
9.915,0.000422095698747214
9.92,0.00041692694758926
9.925,0.000411767656250325
9.93,0.000406618889298868
9.935,0.000401481712159075
9.94,0.000396357190191848
9.945,0.000391246387315576
9.95,0.000386150365054051
9.955,0.000381070181590206
9.96,0.000376006890824646
9.965,0.000370961541439055
9.97,0.000365935176026054
9.975,0.000360928830149045
9.98,0.000355943531338474
9.985,0.000350980298204087
9.99,0.000346040139560555
9.995,0.00034112405356771
